song_name,artist_name,tab_count
Adams Song,Blink-182,56
I Miss You,Blink-182,53
All The Small Things,Blink-182,52
Dammit,Blink-182,52
Carousel,Blink-182,50
Feeling This,Blink-182,50
First Date,Blink-182,48
Always,Blink-182,41
Whats My Age Again,Blink-182,39
Dumpweed,Blink-182,37
Going Away To College,Blink-182,37
Anthem Part Two,Blink-182,36
Down,Blink-182,35
Mutt,Blink-182,34
Story Of A Lonely Guy,Blink-182,34
Aliens Exist,Blink-182,33
Man Overboard,Blink-182,33
Rock Show,Blink-182,32
Stay Together For The Kids,Blink-182,32
Up All Night,Blink-182,32
What Went Wrong,Blink-182,32
After Midnight,Blink-182,30
Online Songs,Blink-182,27
Reckless Abandon,Blink-182,27
Dont Leave Me,Blink-182,26
Dysentery Gary,Blink-182,26
Give Me One Good Reason,Blink-182,26
Shut Up,Blink-182,26
I Wont Be Home For Christmas,Blink-182,25
Heres Your Letter,Blink-182,24
Roller Coaster,Blink-182,24
Violence,Blink-182,24
Wendy Clear,Blink-182,24
Anthem,Blink-182,23
Josie,Blink-182,23
Mms,Blink-182,23
Not Now,Blink-182,23
Pathetic,Blink-182,23
Please Take Me Home,Blink-182,23
Wishing Well,Blink-182,23
Bored To Death,Blink-182,22
Boxing Day,Blink-182,22
Hearts All Gone,Blink-182,22
Easy Target,Blink-182,21
Obvious,Blink-182,21
Peggy Sue,Blink-182,21
Another Girl Another Planet,Blink-182,20
Asthenia,Blink-182,20
Go,Blink-182,20
Stockholm Syndrome,Blink-182,20
Wasting Time,Blink-182,20
A New Hope,Blink-182,19
Dick Lips,Blink-182,19
Happy Holidays You Bastard,Blink-182,19
Im Lost Without You,Blink-182,19
Apple Shampoo,Blink-182,18
Everytime I Look For You,Blink-182,18
Family Reunion,Blink-182,18
Kaleidoscope,Blink-182,18
Time To Break Up,Blink-182,18
Voyeur,Blink-182,18
Waggy,Blink-182,18
Cacophony,Blink-182,17
Dogs Eating Dogs,Blink-182,17
Fuck A Dog,Blink-182,17
Ghost On The Dance Floor,Blink-182,17
21 Days,Blink-182,16
Cynical,Blink-182,16
All Of This,Blink-182,15
Degenerate,Blink-182,15
Even If She Falls,Blink-182,15
Party Song,Blink-182,15
Tv,Blink-182,15
Emo,Blink-182,14
Enema Of The State,Blink-182,14
Fentoozler,Blink-182,14
Natives,Blink-182,14
The Country Song,Blink-182,14
The Rock Show,Blink-182,14
Touchdown Boy,Blink-182,14
When I Was Young,Blink-182,14
Ben Wah Balls,Blink-182,13
Blow Job,Blink-182,13
Dancing With Myself,Blink-182,13
Shes Out Of Her Mind,Blink-182,13
Snake Charmer,Blink-182,13
Sometimes,Blink-182,13
Strings,Blink-182,13
The Girl Next Door,Blink-182,13
This Is Home,Blink-182,13
Toast And Bananas,Blink-182,13
A Letter To Elise,Blink-182,12
Boring,Blink-182,12
Lifes So Boring,Blink-182,12
Parking Lot,Blink-182,12
Pretty Little Girl,Blink-182,12
Romeo And Rebecca,Blink-182,12
Take Off Your Pants And Jacket,Blink-182,12
Untitled,Blink-182,12
When You Fucked Grandpa,Blink-182,12
Wrecked Him,Blink-182,12
Built This Pool,Blink-182,11
Depends,Blink-182,11
Dont Tell Me Its Over,Blink-182,11
Enthused,Blink-182,11
Im Sorry,Blink-182,11
Mothers Day,Blink-182,11
No Future,Blink-182,11
Rabbit Hole,Blink-182,11
Reebok Commercial,Blink-182,11
Time,Blink-182,11
6 8,Blink-182,10
Action,Blink-182,10
Blink 182,Blink-182,10
Disaster,Blink-182,10
Dont Tell Me That Its Over,Blink-182,10
Lemmings,Blink-182,10
Mh 4182011,Blink-182,10
San Diego,Blink-182,10
Brohemian Rhapsody,Blink-182,9
Does My Breath Smell,Blink-182,9
Hold On,Blink-182,9
Love Is Dangerous,Blink-182,9
Misery,Blink-182,9
Point Of View,Blink-182,9
Sober,Blink-182,9
The Party Song,Blink-182,9
13 Miles,Blink-182,8
Alone,Blink-182,8
California,Blink-182,8
Dont,Blink-182,8
Ghost On The Dancefloor,Blink-182,8
Home Is Such A Lonely Place,Blink-182,8
Just About Done,Blink-182,8
Dysentary Gary,Blink-182,7
Kings Of The Weekend,Blink-182,7
Last Train Home,Blink-182,7
Left Alone,Blink-182,7
Marlboro Man,Blink-182,7
Teenage Satellites,Blink-182,7
The Fallen Interlude,Blink-182,7
Zulu,Blink-182,7
Dude Ranch,Blink-182,6
Girl Next Door,Blink-182,6
Good Old Days,Blink-182,6
Cant Get You More Pregnant,Blink-182,5
Freak Scene,Blink-182,5
Grandpa Is An Asshole,Blink-182,5
Hey Im Sorry,Blink-182,5
I Know A Guy,Blink-182,5
Los Angeles,Blink-182,5
Transvestite,Blink-182,5
You Fucked Up My Life,Blink-182,5
Buddha,Blink-182,4
Cheshire Cat,Blink-182,4
Every Time I Look For You,Blink-182,4
Fighting The Gravity,Blink-182,4
Genie In A Bottle Live,Blink-182,4
Grandpa,Blink-182,4
Im Gay,Blink-182,4
Long Lost Feeling,Blink-182,4
My Pet Sally,Blink-182,4
Neighborhoods,Blink-182,4
The Longest Line,Blink-182,4
The Only Thing That Matters,Blink-182,4
Wildfire,Blink-182,4
Baby One More Time,Blink-182,3
Bottom Of The Ocean,Blink-182,3
Dead Mans Curve,Blink-182,3
Dont Mean Anything,Blink-182,3
Feels So Good,Blink-182,3
Greatest Hits,Blink-182,3
Happy Holidays You Bastards,Blink-182,3
I Miss Her So,Blink-182,3
Mark Tom And Travis Show,Blink-182,3
Peggy Sue Live,Blink-182,3
Phantom Of The Opera,Blink-182,3
Sex With His Sister,Blink-182,3
The Family Next Door,Blink-182,3
The Mark Tom And Travis Show - Full,Blink-182,3
Time To Wake Up,Blink-182,3
Wendy,Blink-182,3
After The Midnight,Blink-182,2
Alien Exist Acoustic,Blink-182,2
Aliens Exist Mtat Version,Blink-182,2
Blague,Blink-182,2
Blinkmix,Blink-182,2
Blow Job Song,Blink-182,2
Boys Dont Cry,Blink-182,2
California Deluxe Edition,Blink-182,2
Carousel Cheshire Cat Version,Blink-182,2
Carrousel,Blink-182,2
Cause You Have Sex With The Guys,Blink-182,2
Drum,Blink-182,2
Dude Ranch Full Album,Blink-182,2
Fucked Up My Life,Blink-182,2
Good Times,Blink-182,2
Greatest Hits Part 1,Blink-182,2
Growing Up,Blink-182,2
Hit Me Baby One More Time,Blink-182,2
I Know A Guy Extra Song On Mark Tom And Travis Show,Blink-182,2
In Transit,Blink-182,2
Lucky,Blink-182,2
Making Of Down,Blink-182,2
Not Every Dog Goes To Heaven,Blink-182,2
Red Skies,Blink-182,2
Rich Lips,Blink-182,2
Sex With Sister,Blink-182,2
The Fallen,Blink-182,2
The Falllen,Blink-182,2
Times Change,Blink-182,2
To Forgive Is To Suffer,Blink-182,2
Toast Bananas,Blink-182,2
Travis Barker Drum Solo,Blink-182,2
Until The Stars Fall From The Sky,Blink-182,2
Voyuer,Blink-182,2
When U Fucked Grandpa,Blink-182,2
Adams Song Piano,Blink-182,1
Anthem (Part 2),Blink-182,1
Better Days,Blink-182,1
Bottomof The Ocean,Blink-182,1
Carousel Extended,Blink-182,1
Dammit Acoustic,Blink-182,1
Dammit Interlude,Blink-182,1
Dicklips,Blink-182,1
Dont Tell Me,Blink-182,1
Fly Swatter,Blink-182,1
Ghosts On The Dance Floor,Blink-182,1
Happy Holidays You Barstard,Blink-182,1
Hearts All Gone Interlude,Blink-182,1
Hope,Blink-182,1
I Miss You Live,Blink-182,1
I Wanna Fuck A Dog In The Ass,Blink-182,1
Life Is So Boring,Blink-182,1
One Good Reason,Blink-182,1
Palmadillo,Blink-182,1
Rich Lips Live,Blink-182,1
Satans Theme,Blink-182,1
Seasons In The Sun,Blink-182,1
Shit Piss,Blink-182,1
Shutup,Blink-182,1
The Fallen Syndrome,Blink-182,1
Track 15,Blink-182,1
Unreleased Acoustic,Blink-182,1
Unreleased Acoustic Riff,Blink-182,1
Verse For Cacophony,Blink-182,1
What Went Wrong Clarinet,Blink-182,1
Wont Be Home For Christmas,Blink-182,1
I Will Follow You Into The Dark,Death Cab for Cutie,34
Soul Meets Body,Death Cab for Cutie,22
Title And Registration,Death Cab for Cutie,21
Crooked Teeth,Death Cab for Cutie,18
Brothers On A Hotel Bed,Death Cab for Cutie,17
Tiny Vessels,Death Cab for Cutie,17
Meet Me On The Equinox,Death Cab for Cutie,16
Steadier Footing,Death Cab for Cutie,16
You Are A Tourist,Death Cab for Cutie,16
Cath,Death Cab for Cutie,15
405,Death Cab for Cutie,14
I Will Possess Your Heart,Death Cab for Cutie,13
We Looked Like Giants,Death Cab for Cutie,13
Black Sun,Death Cab for Cutie,12
Grapevine Fires,Death Cab for Cutie,12
What Sarah Said,Death Cab for Cutie,12
Lack Of Color,Death Cab for Cutie,11
Marching Bands Of Manhattan,Death Cab for Cutie,11
Photobooth,Death Cab for Cutie,11
Transatlanticism,Death Cab for Cutie,11
Your Heart Is An Empty Room,Death Cab for Cutie,11
Talking Bird,Death Cab for Cutie,10
Bixby Canyon Bridge,Death Cab for Cutie,9
New Year,Death Cab for Cutie,9
The Sound Of Settling,Death Cab for Cutie,9
Your New Twin Sized Bed,Death Cab for Cutie,9
Coney Island,Death Cab for Cutie,8
Expo 86,Death Cab for Cutie,8
Styrofoam Plates,Death Cab for Cutie,8
Summer Skin,Death Cab for Cutie,8
Little Wanderer,Death Cab for Cutie,7
Someday You Will Be Loved,Death Cab for Cutie,7
Stable Song,Death Cab for Cutie,7
Stay Young Go Dancing,Death Cab for Cutie,7
The Ice Is Getting Thinner,Death Cab for Cutie,7
I Was A Kaleidoscope,Death Cab for Cutie,6
Lightness,Death Cab for Cutie,6
Long Division,Death Cab for Cutie,6
My Mirror Speaks,Death Cab for Cutie,6
Passenger Seat,Death Cab for Cutie,6
A Movie Script Ending,Death Cab for Cutie,5
Blacking Out The Friction,Death Cab for Cutie,5
Champagne From A Paper Cup,Death Cab for Cutie,5
Different Names For The Same Things,Death Cab for Cutie,5
Doors Unlocked And Open,Death Cab for Cutie,5
Monday Morning,Death Cab for Cutie,5
No Room In Frame,Death Cab for Cutie,5
No Sunlight,Death Cab for Cutie,5
Sound Of Settling,Death Cab for Cutie,5
The Ghosts Of Beverly Drive,Death Cab for Cutie,5
Title Track,Death Cab for Cutie,5
Christmas Baby Please Come Home,Death Cab for Cutie,4
Codes And Keys,Death Cab for Cutie,4
Company Calls Epilogue,Death Cab for Cutie,4
Death Of An Interior Decorator,Death Cab for Cutie,4
I Was Once A Loyal Lover,Death Cab for Cutie,4
Information Travels Faster,Death Cab for Cutie,4
Little Bribes,Death Cab for Cutie,4
No Joy In Mudville,Death Cab for Cutie,4
Scientist Studies,Death Cab for Cutie,4
Underneath The Sycamore,Death Cab for Cutie,4
We Laugh Indoors,Death Cab for Cutie,4
Your Bruise,Death Cab for Cutie,4
A Lack Of Color,Death Cab for Cutie,3
Army Corps Of Architects,Death Cab for Cutie,3
Bad Reputation,Death Cab for Cutie,3
Bend To Squares,Death Cab for Cutie,3
Broken Yolk In Western Sky,Death Cab for Cutie,3
Company Calls,Death Cab for Cutie,3
Diamond And A Tether,Death Cab for Cutie,3
Earth Angel,Death Cab for Cutie,3
Everythings A Ceiling,Death Cab for Cutie,3
Good Help Is So Hard To Find,Death Cab for Cutie,3
Hold No Guns,Death Cab for Cutie,3
Jealousy Rides With Me,Death Cab for Cutie,3
Pictures In An Exhibition,Death Cab for Cutie,3
Pity And Fear,Death Cab for Cutie,3
Plans,Death Cab for Cutie,3
Portable Television,Death Cab for Cutie,3
Song For Kelly Huckaby,Death Cab for Cutie,3
St Peters Cathedral,Death Cab for Cutie,3
This Temporary Life,Death Cab for Cutie,3
Tv Trays,Death Cab for Cutie,3
Wait,Death Cab for Cutie,3
You Can Do Better Than Me,Death Cab for Cutie,3
Youve Haunted Me All My Life,Death Cab for Cutie,3
405 Aucustic,Death Cab for Cutie,2
A Diamond And A Tether,Death Cab for Cutie,2
All Is Full Of Love,Death Cab for Cutie,2
Amputations,Death Cab for Cutie,2
Brother On A Hotel Bed,Death Cab for Cutie,2
Death Of An Interior Decotator,Death Cab for Cutie,2
Debate Exposes Doubt,Death Cab for Cutie,2
Dream Is Over,Death Cab for Cutie,2
El Dorado,Death Cab for Cutie,2
Employment Pages,Death Cab for Cutie,2
Fake Frowns,Death Cab for Cutie,2
Forbidden Love,Death Cab for Cutie,2
Gold Rush,Death Cab for Cutie,2
Home Is A Fire,Death Cab for Cutie,2
I Dreamt We Spoke Again,Death Cab for Cutie,2
I Will Posses Your Heart,Death Cab for Cutie,2
Line Of Best Fit,Death Cab for Cutie,2
Million Dollar Loan,Death Cab for Cutie,2
President Of What,Death Cab for Cutie,2
Some Boys,Death Cab for Cutie,2
Start Again,Death Cab for Cutie,2
Talking Like Turnstiles,Death Cab for Cutie,2
Thats Incentive,Death Cab for Cutie,2
The Secret Stars,Death Cab for Cutie,2
The Secret Stars Wait,Death Cab for Cutie,2
Tomorrow,Death Cab for Cutie,2
Underwater,Death Cab for Cutie,2
Why Youd Want To Live Here,Death Cab for Cutie,2
You Heart Is An Empty Room,Death Cab for Cutie,2
You Remind Me Of Home,Death Cab for Cutie,2
20Th Century Towers,Death Cab for Cutie,1
Bigsby Canyon Bridge,Death Cab for Cutie,1
Binary Sea,Death Cab for Cutie,1
Cath…,Death Cab for Cutie,1
Dream Scream,Death Cab for Cutie,1
For What Reason,Death Cab for Cutie,1
Ingenue,Death Cab for Cutie,1
Lack Of Colour,Death Cab for Cutie,1
Little Fury Bugs,Death Cab for Cutie,1
Lowell Ma,Death Cab for Cutie,1
Meet Me At The Equinox,Death Cab for Cutie,1
Narrow Stairs,Death Cab for Cutie,1
Prove My Hypothesis,Death Cab for Cutie,1
Sarah Said,Death Cab for Cutie,1
Sleep Spent,Death Cab for Cutie,1
Spirit Crusher,Death Cab for Cutie,1
Stability,Death Cab for Cutie,1
Summer Years,Death Cab for Cutie,1
Technicolor Girls,Death Cab for Cutie,1
The Employment Pages,Death Cab for Cutie,1
The Philosopher,Death Cab for Cutie,1
Tiny Vessels Demo,Death Cab for Cutie,1
Two Cars,Death Cab for Cutie,1
Unobstructed Views,Death Cab for Cutie,1
Your Hurricane,Death Cab for Cutie,1
Your New Twin Size Bed,Death Cab for Cutie,1
Shape Of You,Ed Sheeran,54
I See Fire,Ed Sheeran,48
Thinking Out Loud,Ed Sheeran,43
Perfect,Ed Sheeran,42
Photograph,Ed Sheeran,38
The A Team,Ed Sheeran,35
Lego House,Ed Sheeran,33
How Would You Feel,Ed Sheeran,32
Tenerife Sea,Ed Sheeran,26
Castle On The Hill,Ed Sheeran,23
Give Me Love,Ed Sheeran,21
Kiss Me,Ed Sheeran,21
Small Bump,Ed Sheeran,21
Happier,Ed Sheeran,20
What Do I Know,Ed Sheeran,20
You Need Me I Dont Need You,Ed Sheeran,20
Bloodstream,Ed Sheeran,19
Dive,Ed Sheeran,18
Dont,Ed Sheeran,17
Supermarket Flowers,Ed Sheeran,16
All Of The Stars,Ed Sheeran,14
Galway Girl,Ed Sheeran,14
Make It Rain,Ed Sheeran,14
Sing,Ed Sheeran,14
Afire Love,Ed Sheeran,13
Autumn Leaves,Ed Sheeran,12
Im A Mess,Ed Sheeran,12
One,Ed Sheeran,12
Runaway,Ed Sheeran,11
Grade Eight,Ed Sheeran,10
Take It Back,Ed Sheeran,10
Barcelona,Ed Sheeran,9
Drunk,Ed Sheeran,9
Eraser,Ed Sheeran,9
New Man,Ed Sheeran,9
Where We Land,Ed Sheeran,9
Nancy Mulligan,Ed Sheeran,8
No Diggity Thrift Shop,Ed Sheeran,8
She,Ed Sheeran,8
Sunburn,Ed Sheeran,8
Bibia Be Ye Ye,Ed Sheeran,7
Even My Dad Does Sometimes,Ed Sheeran,7
Gold Rush,Ed Sheeran,7
Hearts Dont Break Around Here,Ed Sheeran,7
The Parting Glass,Ed Sheeran,7
Wake Me Up,Ed Sheeran,7
Be Like You,Ed Sheeran,6
Little Bird,Ed Sheeran,6
Miss You,Ed Sheeran,6
One Night,Ed Sheeran,6
Save Myself,Ed Sheeran,6
Sofa,Ed Sheeran,6
Uni,Ed Sheeran,6
Wayfaring Stranger,Ed Sheeran,6
I Will Take You Home,Ed Sheeran,5
Masters Of War,Ed Sheeran,5
New York,Ed Sheeran,5
Nina,Ed Sheeran,5
The Man,Ed Sheeran,5
This,Ed Sheeran,5
Wild Mountain Thyme,Ed Sheeran,5
Yellow Pages,Ed Sheeran,5
Firefly,Ed Sheeran,4
Friends,Ed Sheeran,4
Homeless,Ed Sheeran,4
In Memory,Ed Sheeran,4
Lately,Ed Sheeran,4
Lay It All On Me,Ed Sheeran,4
Radio,Ed Sheeran,4
Skinny Love,Ed Sheeran,4
So,Ed Sheeran,4
The City,Ed Sheeran,4
Be My Husband,Ed Sheeran,3
Chasing Cars,Ed Sheeran,3
Cold Coffee,Ed Sheeran,3
Diary,Ed Sheeran,3
Fairytale Of New York,Ed Sheeran,3
Fall,Ed Sheeran,3
Feeling Good,Ed Sheeran,3
Fire Alarms,Ed Sheeran,3
Hush Little Baby,Ed Sheeran,3
Let It Out,Ed Sheeran,3
Little Things,Ed Sheeran,3
Love Yourself,Ed Sheeran,3
Moments,Ed Sheeran,3
Nandos Skank,Ed Sheeran,3
Perfect Duet,Ed Sheeran,3
Plus Medley,Ed Sheeran,3
Royals,Ed Sheeran,3
Shirtsleeves,Ed Sheeran,3
Smile,Ed Sheeran,3
The Sea,Ed Sheeran,3
Touch And Go,Ed Sheeran,3
Way Home,Ed Sheeran,3
We Are,Ed Sheeran,3
Who You Are,Ed Sheeran,3
You Break Me,Ed Sheeran,3
You Need To Cut Your Hair,Ed Sheeran,3
Addicted,Ed Sheeran,2
All My Life,Ed Sheeran,2
Baby One More Time,Ed Sheeran,2
Blind Faith,Ed Sheeran,2
Candle In The Wind,Ed Sheeran,2
Dont Loyal No Diggity The Next Episode Nina,Ed Sheeran,2
Drunk In Love,Ed Sheeran,2
Empire State Of Mind,Ed Sheeran,2
English Rose,Ed Sheeran,2
Fall Down,Ed Sheeran,2
Follow Fashion Acoustic,Ed Sheeran,2
Forever,Ed Sheeran,2
Hands Of Gold,Ed Sheeran,2
Hold On,Ed Sheeran,2
I Miss You,Ed Sheeran,2
Insomniacs Lullaby,Ed Sheeran,2
King Of The Kings,Ed Sheeran,2
Little Lady,Ed Sheeran,2
Open Your Ears,Ed Sheeran,2
People Get Ready,Ed Sheeran,2
Perfect Symphony,Ed Sheeran,2
Sara,Ed Sheeran,2
Sleeping Pills,Ed Sheeran,2
Spark,Ed Sheeran,2
Sweet Mary Jane,Ed Sheeran,2
Take Me To Church,Ed Sheeran,2
These Dreams,Ed Sheeran,2
Thinking Out Loud Solo,Ed Sheeran,2
Top Floor,Ed Sheeran,2
Traktor,Ed Sheeran,2
Trap Queen,Ed Sheeran,2
We Found Love,Ed Sheeran,2
Wonderwall,Ed Sheeran,2
Ag Smaoineamh Ós Ard,Ed Sheeran,1
Billy Ruskin,Ed Sheeran,1
Dont Loyal No Diggity Nina,Ed Sheeran,1
Downtown Apartment,Ed Sheeran,1
Everything You Are,Ed Sheeran,1
Fresh Prince Of Bel-Air,Ed Sheeran,1
Fulham Broadway,Ed Sheeran,1
Grow Back,Ed Sheeran,1
Guiding Light,Ed Sheeran,1
Hometown Glory,Ed Sheeran,1
I Dont Know,Ed Sheeran,1
I Love You,Ed Sheeran,1
I Never Fell,Ed Sheeran,1
I Was Made To Love Her,Ed Sheeran,1
Im In Love With The Coco,Ed Sheeran,1
Make It Rain Live,Ed Sheeran,1
Make You Feel My Love,Ed Sheeran,1
Moody Ballad Of Ed,Ed Sheeran,1
No Name,Ed Sheeran,1
One Dance,Ed Sheeran,1
One Photograph Mash Up,Ed Sheeran,1
Plus,Ed Sheeran,1
Postcards,Ed Sheeran,1
Quiet Ballad Of Ed,Ed Sheeran,1
Rise Up Dead Man,Ed Sheeran,1
Run To The Hills,Ed Sheeran,1
Sacrifice,Ed Sheeran,1
Saturday,Ed Sheeran,1
Scars,Ed Sheeran,1
Someone Like You,Ed Sheeran,1
Stay With Me,Ed Sheeran,1
Swim Good,Ed Sheeran,1
Thinking Out Loudtenerife Sea Medley,Ed Sheeran,1
Touch,Ed Sheeran,1
Undone,Ed Sheeran,1
Wasnt Expecting That,Ed Sheeran,1
Wish You Were Here,Ed Sheeran,1
X,Ed Sheeran,1
÷,Ed Sheeran,1
Sugar Were Going Down,Fall Out Boy,38
Thnks Fr Th Mmrs,Fall Out Boy,38
Dance Dance,Fall Out Boy,33
I Dont Care,Fall Out Boy,30
Grand Theft Autumn,Fall Out Boy,28
Americas Suitehearts,Fall Out Boy,27
Beat It,Fall Out Boy,27
Centuries,Fall Out Boy,26
A Little Less Sixteen Candles A Little More Touch Me,Fall Out Boy,25
Take Over The Breaks Over,Fall Out Boy,24
My Songs Know What You Did In The Dark Light Em Up,Fall Out Boy,23
Golden,Fall Out Boy,21
This Aint A Scene Its An Arms Race,Fall Out Boy,21
Saturday,Fall Out Boy,20
Uma Thurman,Fall Out Boy,20
Thriller,Fall Out Boy,19
I Slept With Someone In Fall Out Boy And All I Got Was This Stupid Song Written About Me,Fall Out Boy,18
Im Like A Lawyer With The Way Im Always Trying To Get You Off Me And You,Fall Out Boy,18
Of All The Gin Joints In All The World,Fall Out Boy,18
The Phoenix,Fall Out Boy,18
What A Catch Donnie,Fall Out Boy,18
Alone Together,Fall Out Boy,16
Ginasfs,Fall Out Boy,16
Immortals,Fall Out Boy,16
Ive Got A Dark Alley And A Bad Idea That Says You Should Shut Your Mouth Summer Song,Fall Out Boy,16
My Heart Is The Worst Kind Of Weapon,Fall Out Boy,16
Nobody Puts Baby In The Corner,Fall Out Boy,16
Yule Shoot Your Eye Out,Fall Out Boy,16
27,Fall Out Boy,15
7 Minutes In Heaven Atavan Halen,Fall Out Boy,15
Dead On Arrival,Fall Out Boy,15
Headfirst Slide Into Cooperstown On A Bad Bet,Fall Out Boy,15
Hum Hallelujah,Fall Out Boy,15
Our Lawyer Made Us Change The Name Of This Song So We Wouldnt Get Sued,Fall Out Boy,15
Young Volcanoes,Fall Out Boy,15
Dont You Know Who I Think I Am,Fall Out Boy,14
20 Dollar Nose Bleed,Fall Out Boy,13
Bang The Doldrums,Fall Out Boy,13
Champagne For My Real Friends Real Pain For My Sham Friends,Fall Out Boy,13
Get Busy Living Or Get Busy Dying,Fall Out Boy,13
Alpha Dog,Fall Out Boy,12
Irresistible,Fall Out Boy,12
Sophomore Slump Or Comeback Of The Year,Fall Out Boy,12
Tell That Mick He Just Made My List Of Things To Do Today,Fall Out Boy,12
The Kids Arent Alright,Fall Out Boy,12
The Patron Saint Of Liars And Fakes,Fall Out Boy,12
Carpal Tunnel Of Love,Fall Out Boy,11
Chicago Is So Two Years Ago,Fall Out Boy,11
Disloyal Order Of Water Buffaloes,Fall Out Boy,11
Pavlove,Fall Out Boy,11
Xo,Fall Out Boy,11
Miss Missing You,Fall Out Boy,10
Youre Crashing But Youre No Wave,Fall Out Boy,10
From Now On We Are Enemies,Fall Out Boy,9
Honorable Mention,Fall Out Boy,9
Music Or The Misery,Fall Out Boy,9
Shes My Winona,Fall Out Boy,9
The Pros And Cons Of Breathing,Fall Out Boy,9
The Shipped Gold Standard,Fall Out Boy,9
After Life Of The Party,Fall Out Boy,8
Coffees For Closers,Fall Out Boy,8
Fame Infamy,Fall Out Boy,8
Hand Of God,Fall Out Boy,8
Homesick At Space Camp,Fall Out Boy,8
Just One Yesterday,Fall Out Boy,8
Novocaine,Fall Out Boy,8
Rat A Tat,Fall Out Boy,8
Save Rock And Roll,Fall Out Boy,8
Tiffany Blews,Fall Out Boy,8
Twin Skeletons Hotel In Nyc,Fall Out Boy,8
West Coast Smoker,Fall Out Boy,8
Whats This,Fall Out Boy,8
Where Did The Party Go,Fall Out Boy,8
Young And Menace,Fall Out Boy,8
Death Valley,Fall Out Boy,7
Grenade Jumper,Fall Out Boy,7
Ive Got All This Ringing In My Ears And None On My Fingers,Fall Out Boy,7
Jet Pack Blues,Fall Out Boy,7
Lake Effect Kid,Fall Out Boy,7
One And Only,Fall Out Boy,7
Pretty In Punk,Fall Out Boy,7
Sending Postcards From A Plane Crash,Fall Out Boy,7
Wams,Fall Out Boy,7
Wilson Expensive Mistakes,Fall Out Boy,7
Growing Up,Fall Out Boy,6
Hold Me Tight Or Dont,Fall Out Boy,6
Its Hard To Say I Do When I Dont,Fall Out Boy,6
Reinventing The Wheel To Run Myself Over,Fall Out Boy,6
Start Today,Fall Out Boy,6
The Carpal Tunnel Of Love,Fall Out Boy,6
The Mighty Fall,Fall Out Boy,6
American Beauty American Psycho,Fall Out Boy,5
Calm Before The Storm,Fall Out Boy,5
Church,Fall Out Boy,5
Favorite Record,Fall Out Boy,5
Love Will Tear Us Apart,Fall Out Boy,5
Lullabye,Fall Out Boy,5
Snitches And Talkers Get Stitches And Walkers,Fall Out Boy,5
Sunshine Riptide,Fall Out Boy,5
Take This To Your Grave,Fall Out Boy,5
The After Life Of The Party,Fall Out Boy,5
The Last Of The Real Ones,Fall Out Boy,5
Champion,Fall Out Boy,4
Fall Out Boys Evening Out With Your Girlfriend,Fall Out Boy,4
Fourth Of July,Fall Out Boy,4
Infinity On High,Fall Out Boy,4
Its Not A Side Effect Of The Cocaine I Am Thinking It Must Be Love,Fall Out Boy,4
Parker Lewis Cant Lose,Fall Out Boy,4
Roxanne,Fall Out Boy,4
So Sick,Fall Out Boy,4
Stay Frosty Royal Milk Tea,Fall Out Boy,4
Switchblades And Infidelity,Fall Out Boy,4
Where Is Your Boy Tonight,Fall Out Boy,4
Alphadog And Omegalomaniac,Fall Out Boy,3
From Under The Cork Tree,Fall Out Boy,3
Me And You,Fall Out Boy,3
Short Fast And Loud,Fall Out Boy,3
Sophmore Slump Or Comeback Of The Year,Fall Out Boy,3
American Suitehearts,Fall Out Boy,2
Bishops Knife Trick,Fall Out Boy,2
Dont Matter,Fall Out Boy,2
Dont You Think I Know Who I Am,Fall Out Boy,2
More Than I Can Take,Fall Out Boy,2
Moving Pictures,Fall Out Boy,2
My Songs Know What You Did In The Dark,Fall Out Boy,2
Ode To The Hourglass,Fall Out Boy,2
Save Your Generation,Fall Out Boy,2
Second Emo,Fall Out Boy,2
Sohpomore Slump Or Comeback Of The Year,Fall Out Boy,2
Sugar Were Goin Down,Fall Out Boy,2
The One And Only,Fall Out Boy,2
The Worlds Not Waiting,Fall Out Boy,2
This Aint A Scene,Fall Out Boy,2
7 Mins In Heaven,Fall Out Boy,1
7 Minutes In Heaven,Fall Out Boy,1
7-9 Legendary,Fall Out Boy,1
A Little Less 16 Candles A Little More Touch Me,Fall Out Boy,1
American Made,Fall Out Boy,1
Angel Spit,Fall Out Boy,1
Arter Life Of The Party,Fall Out Boy,1
Austin We Have A Problem,Fall Out Boy,1
Believers Never Die,Fall Out Boy,1
Caffeine Cold,Fall Out Boy,1
Catch Me If You Can,Fall Out Boy,1
Drugged Out,Fall Out Boy,1
Evolution Of Music,Fall Out Boy,1
Fellowship Of The Nerd,Fall Out Boy,1
Forget The Day,Fall Out Boy,1
From Plastic To Skin,Fall Out Boy,1
Ghostbusters Im Not Afraid,Fall Out Boy,1
Grand Theft Autumn Where Is Your Boy,Fall Out Boy,1
Headphones,Fall Out Boy,1
Heavens Gate,Fall Out Boy,1
I Wanna Be Like You,Fall Out Boy,1
I Wanna Dance With Somebody Who Loves Me,Fall Out Boy,1
Im Like A Lawyer,Fall Out Boy,1
Im Like A Lawyer With The Way Im Always Trying To Get You Off (Me And You),Fall Out Boy,1
In This Diary,Fall Out Boy,1
Joe The Janitor,Fall Out Boy,1
Love Sex Death,Fall Out Boy,1
Mr Brightside,Fall Out Boy,1
Star 67,Fall Out Boy,1
The Art Of Keeping Up Disappearances,Fall Out Boy,1
The Life Of The Party,Fall Out Boy,1
The Take Over The Breaks Over,Fall Out Boy,1
Uptown Funk,Fall Out Boy,1
We Dont Take Hits We Write Them,Fall Out Boy,1
We Were Doomed From The Start,Fall Out Boy,1
Wrong Side Of Paradise,Fall Out Boy,1
21 Guns,Green Day,62
Good Riddance Time Of Your Life,Green Day,58
Holiday,Green Day,55
Wake Me Up When September Ends,Green Day,55
Boulevard Of Broken Dreams,Green Day,54
Basket Case,Green Day,52
American Idiot,Green Day,49
Whatsername,Green Day,39
Welcome To Paradise,Green Day,36
Jesus Of Suburbia,Green Day,35
Longview,Green Day,35
When I Come Around,Green Day,35
Give Me Novacaine,Green Day,33
Minority,Green Day,33
Hitchin A Ride,Green Day,32
Brain Stew,Green Day,31
J A R,Green Day,31
Know Your Enemy,Green Day,30
Coming Clean,Green Day,28
21St Century Breakdown,Green Day,27
Oh Love,Green Day,27
She,Green Day,27
Waiting,Green Day,27
2000 Light Years Away,Green Day,26
Last Night On Earth,Green Day,26
Viva La Gloria,Green Day,26
Castaway,Green Day,25
East Jesus Nowhere,Green Day,25
Warning,Green Day,25
Kill The Dj,Green Day,24
Letterbomb,Green Day,24
Shes A Rebel,Green Day,24
Bang Bang,Green Day,23
Burnout,Green Day,23
Geek Stink Breath,Green Day,23
Homecoming,Green Day,23
Still Breathing,Green Day,23
Macys Day Parade,Green Day,22
St Jimmy,Green Day,22
Walking Contradiction,Green Day,22
Emenius Sleepus,Green Day,21
Murder City,Green Day,21
Revolution Radio,Green Day,21
Sassafras Roots,Green Day,21
Stay The Night,Green Day,21
Viva La Gloria Little Girl,Green Day,21
Are We The Waiting,Green Day,20
Armatage Shanks,Green Day,20
Fod,Green Day,20
Ha Ha Youre Dead,Green Day,20
In The End,Green Day,20
Jaded,Green Day,20
Redundant,Green Day,20
Stuck With Me,Green Day,20
Who Wrote Holden Caulfield,Green Day,20
Working Class Hero,Green Day,20
Before The Lobotomy,Green Day,19
Carpe Diem,Green Day,19
Last Of The American Girls,Green Day,19
Poprocks And Coke,Green Day,19
The Grouch,Green Day,19
X-Kid,Green Day,19
Christie Road,Green Day,18
Church On Sunday,Green Day,18
Let Yourself Go,Green Day,18
Maria,Green Day,18
Nice Guys Finish Last,Green Day,18
Pulling Teeth,Green Day,18
Scattered,Green Day,18
Too Much Too Soon,Green Day,18
Uptight,Green Day,18
All By Myself,Green Day,17
All The Time,Green Day,17
At The Library,Green Day,17
Chump,Green Day,17
Espionage,Green Day,17
Extraordinary Girl,Green Day,17
Having A Blast,Green Day,17
I Fought The Law,Green Day,17
No Pride,Green Day,17
Peacemaker,Green Day,17
Stray Heart,Green Day,17
Stuart And The Ave,Green Day,17
86,Green Day,16
Blood Sex And Booze,Green Day,16
Lazy Bones,Green Day,16
No One Knows,Green Day,16
The Judges Daughter,Green Day,16
Westbound Sign,Green Day,16
Wild One,Green Day,16
Worry Rock,Green Day,16
Amy,Green Day,15
Cigarettes And Valentines,Green Day,15
Green Day,Green Day,15
Knowledge,Green Day,15
Misery,Green Day,15
Only Of You,Green Day,15
Ordinary World,Green Day,15
Restless Heart Syndrome,Green Day,15
Tell Me When Its Time To Say I Love You,Green Day,15
The Static Age,Green Day,15
Amanda,Green Day,14
American Eulogy,Green Day,14
Brat,Green Day,14
Brutal Love,Green Day,14
Christians Inferno,Green Day,14
Deadbeat Holiday,Green Day,14
Disappearing Boy,Green Day,14
Dry Ice,Green Day,14
Horseshoes And Handgrenades,Green Day,14
King For A Day,Green Day,14
Take Back,Green Day,14
Troublemaker,Green Day,14
Walking Alone,Green Day,14
1000 Hours,Green Day,13
16,Green Day,13
Dirty Rotten Bastards,Green Day,13
Dominated Love Slave,Green Day,13
Going To Pasalacqua,Green Day,13
I Was There,Green Day,13
Lady Cobra,Green Day,13
Missing You,Green Day,13
Nuclear Family,Green Day,13
One Of My Lies,Green Day,13
Paper Lanterns,Green Day,13
Platypus,Green Day,13
Prosthetic Head,Green Day,13
Reject,Green Day,13
Rusty James,Green Day,13
Sweet 16,Green Day,13
The Forgotten,Green Day,13
Why Do You Want Him,Green Day,13
409 In Your Coffeemaker,Green Day,12
Android,Green Day,12
Drama Queen,Green Day,12
Fell For You,Green Day,12
See The Light,Green Day,12
The Simpsons Theme,Green Day,12
80,Green Day,11
Angel Blue,Green Day,11
Ashley,Green Day,11
Babs Uvula Who,Green Day,11
Baby Eyes,Green Day,11
Dont Leave Me,Green Day,11
Dont Wanna Fall In Love,Green Day,11
Favorite Son,Green Day,11
Last Ride In,Green Day,11
One For The Razorbacks,Green Day,11
Walk Away,Green Day,11
Wow Thats Loud,Green Day,11
You Lied,Green Day,11
Youngblood,Green Day,11
99 Revolutions,Green Day,10
Desensitized,Green Day,10
Do Da Da,Green Day,10
Fashion Victim,Green Day,10
Jinx,Green Day,10
My Generation,Green Day,10
Somewhere Now,Green Day,10
Stop When The Red Lights Flash,Green Day,10
8Th Avenue Serenade,Green Day,9
Back In The Usa,Green Day,9
Hearts Collide,Green Day,9
I Wanna Be Alone,Green Day,9
Loss Of Control,Green Day,9
Nightlife,Green Day,9
Outlaws,Green Day,9
Panic Song,Green Day,9
See You Tonight,Green Day,9
Sex Drugs And Violence,Green Day,9
Suffocate,Green Day,9
Tight Wad Hill,Green Day,9
Best Thing In Town,Green Day,8
Dookie,Green Day,8
Haushinka,Green Day,8
Hold On,Green Day,8
Insomniac,Green Day,8
Jackass,Green Day,8
Lights Out,Green Day,8
Little Boy Named Train,Green Day,8
Road To Acceptance,Green Day,8
Rotting,Green Day,8
Sweet Children,Green Day,8
The One I Want,Green Day,8
Words I Might Have Ate,Green Day,8
1039,Green Day,7
Bouncing Off The Wall,Green Day,7
On The Wagon,Green Day,7
Outsider,Green Day,7
Private Ale,Green Day,7
Rest,Green Day,7
Sick Of Me,Green Day,7
State Of Shock,Green Day,7
Strangeland,Green Day,7
Too Dumb To Die,Green Day,7
Troubled Times,Green Day,7
Forever Now,Green Day,6
Fuck Time,Green Day,6
Life During Wartime,Green Day,6
Makeout Party,Green Day,6
Minnesota Girl,Green Day,6
Say Goodbye,Green Day,6
Scumbag,Green Day,6
Shoplifter,Green Day,6
The Ballad Of Wilhelm Fink,Green Day,6
Blitzkrieg Bop,Green Day,5
Devils Kind,Green Day,5
I Want To Be Alone,Green Day,5
I Want To Be On Tv,Green Day,5
Song Of The Century,Green Day,5
Uno,Green Day,5
When Its Time,Green Day,5
Xmas Time Of The Year,Green Day,5
Jar,Green Day,4
Judges Daughter,Green Day,4
Tired Of Waiting For You,Green Day,4
21St Century Breakdown Part 1,Green Day,3
21St Century Breakdown Part 2,Green Day,3
Bullet In A Bible,Green Day,3
Dos,Green Day,3
Eye Of The Tiger,Green Day,3
Governator,Green Day,3
International Superhits,Green Day,3
Its Fuck Time,Green Day,3
Kerplunk,Green Day,3
Nimrod,Green Day,3
Olivia,Green Day,3
Platypus I Hate You,Green Day,3
Shenanigans,Green Day,3
Things I Heard Today,Green Day,3
American Idiot Live,Green Day,2
American Idiot Part 1,Green Day,2
American Idiot Part 2,Green Day,2
American Idiot Part 3,Green Day,2
American Idiot Part 4,Green Day,2
Basket Case The Real,Green Day,2
Basketcase,Green Day,2
Billie Joes Mom,Green Day,2
City Of The Damned,Green Day,2
Dreamcatcher,Green Day,2
Goodnight New York,Green Day,2
Hichin A Ride,Green Day,2
Insomniac Part 2,Green Day,2
Jar Jason Andrew Relva,Green Day,2
Last Gang In Town,Green Day,2
Like A Rat Does Cheese,Green Day,2
Long View Live,Green Day,2
Maybe Forever,Green Day,2
Oh Mel,Green Day,2
Pushing You Aside,Green Day,2
Rock N Roll Girlfriend,Green Day,2
Stop When Red Lights Flash,Green Day,2
Sweet Home Alabama,Green Day,2
Thats All Right,Green Day,2
The Saints Are Coming,Green Day,2
Tired Of Waiting You,Green Day,2
Uno Part 1,Green Day,2
Uno Part 2,Green Day,2
Warning Part 1,Green Day,2
Warning Part 2,Green Day,2
We Are The Champions,Green Day,2
When I Come Arround,Green Day,2
Words I Might,Green Day,2
21 Guns Broadway,Green Day,1
Alone,Green Day,1
Body Bag,Green Day,1
Boy Scout Song,Green Day,1
Christy Road,Green Day,1
Dancing With Myself,Green Day,1
Dont Wanna Know If Youre Lonely,Green Day,1
Dream Catcher,Green Day,1
Dui,Green Day,1
East 12Th St,Green Day,1
Eat Jesus Nowhere,Green Day,1
Favorite Son Broadway,Green Day,1
Foot In Mouth Bowling Bowling Bowling Parking Parking,Green Day,1
Give Me Novicane,Green Day,1
Greatest Hits Gods Favourite Band,Green Day,1
I Wanna Be On Tv,Green Day,1
I Wanna Be Your Boyfriend,Green Day,1
King For A Day Shout Live,Green Day,1
Letterbomb - Broadway,Green Day,1
Longveiw,Green Day,1
Longveiw Fun To Play,Green Day,1
Nobody Likes You,Green Day,1
Paradise,Green Day,1
Santa Claus Is Coming To Town,Green Day,1
Stand Up,Green Day,1
Stuart And The Avenue,Green Day,1
Superman,Green Day,1
Time Of Your Life,Green Day,1
Tre,Green Day,1
Troubled,Green Day,1
Welcome To Paradise Live,Green Day,1
Whatshername,Green Day,1
When I Come Around (Live Version),Green Day,1
When I Come Around Interlude,Green Day,1
When I Come Around Live,Green Day,1
Who Wrote Holden Caufield,Green Day,1
Who Wrote Holden Caulfied,Green Day,1
Welcome To The Black Parade,My Chemical Romance,50
Helena,My Chemical Romance,46
Dead,My Chemical Romance,39
Famous Last Words,My Chemical Romance,34
I Dont Love You,My Chemical Romance,33
Im Not Okay I Promise,My Chemical Romance,33
Teenagers,My Chemical Romance,32
Cancer,My Chemical Romance,31
Thank You For The Venom,My Chemical Romance,31
Disenchanted,My Chemical Romance,30
Na Na Na,My Chemical Romance,29
The Ghost Of You,My Chemical Romance,27
You Know What They Do To Guys Like Us In Prison,My Chemical Romance,25
Summertime,My Chemical Romance,24
Headfirst For Halos,My Chemical Romance,23
Mama,My Chemical Romance,23
The End,My Chemical Romance,22
Desert Song,My Chemical Romance,21
To The End,My Chemical Romance,21
Bulletproof Heart,My Chemical Romance,20
Drowning Lessons,My Chemical Romance,20
Cemetery Drive,My Chemical Romance,19
House Of Wolves,My Chemical Romance,19
Its Not A Fashion Statement Its A Deathwish,My Chemical Romance,19
This Is How I Disappear,My Chemical Romance,19
The Sharpest Lives,My Chemical Romance,18
Sleep,My Chemical Romance,17
Desolation Row,My Chemical Romance,16
Heaven Help Us,My Chemical Romance,16
Our Lady Of Sorrows,My Chemical Romance,16
Planetary Go,My Chemical Romance,16
Sing,My Chemical Romance,16
Blood,My Chemical Romance,15
Give Em Hell Kid,My Chemical Romance,15
The Kids From Yesterday,My Chemical Romance,14
All I Want For Christmas Is You,My Chemical Romance,13
Demolition Lovers,My Chemical Romance,13
Early Sunsets Over Monroeville,My Chemical Romance,13
Fake Your Death,My Chemical Romance,13
Save Yourself Ill Hold Them Back,My Chemical Romance,13
Boy Division,My Chemical Romance,12
Honey This Mirror Isnt Big Enough For The Two Of Us,My Chemical Romance,12
I Never Told You What I Do For A Living,My Chemical Romance,12
Jetset Life Is Gonna Kill You,My Chemical Romance,12
Scarecrow,My Chemical Romance,12
Skylines And Turnstiles,My Chemical Romance,12
Vampires Will Never Hurt You,My Chemical Romance,12
Astro Zombies,My Chemical Romance,11
Cubicles,My Chemical Romance,11
Hang Em High,My Chemical Romance,11
Interlude,My Chemical Romance,11
Kill All Your Friends,My Chemical Romance,11
The Light Behind Your Eyes,My Chemical Romance,11
The Only Hope For Me Is You,My Chemical Romance,11
Vampire Money,My Chemical Romance,11
Bury Me In Black,My Chemical Romance,10
Romance,My Chemical Romance,10
The World Is Ugly,My Chemical Romance,10
Destroya,My Chemical Romance,9
Stay,My Chemical Romance,8
This Is The Best Day Ever,My Chemical Romance,8
All The Angels,My Chemical Romance,7
Party Poison,My Chemical Romance,7
Surrender The Night,My Chemical Romance,7
Ambulance,My Chemical Romance,6
Burn Bright,My Chemical Romance,5
My Way Home Is Through You,My Chemical Romance,5
The Black Parade,My Chemical Romance,5
Three Cheers For Sweet Revenge,My Chemical Romance,5
Under Pressure,My Chemical Romance,5
Zero Percent,My Chemical Romance,5
Black Dragon Fighting Society,My Chemical Romance,4
Gun,My Chemical Romance,4
I Brought You My Bullets You Brought Me Your Love,My Chemical Romance,4
Jack The Ripper,My Chemical Romance,4
Kiss The Ring,My Chemical Romance,4
Sister To Sleep,My Chemical Romance,4
We Dont Need Another Song About California,My Chemical Romance,4
Death Before Disco,My Chemical Romance,3
Do You Know What They Do To Guys Like Us In Prison,My Chemical Romance,3
Emily,My Chemical Romance,3
Make Room,My Chemical Romance,3
Disenchanted Shut Up And Pray,My Chemical Romance,2
Every Snowflake Is Different,My Chemical Romance,2
Ftwww,My Chemical Romance,2
Im Not Okay,My Chemical Romance,2
Kids From Yesterday,My Chemical Romance,2
Not That Kind Of Girl,My Chemical Romance,2
Planetary,My Chemical Romance,2
Stay Awake,My Chemical Romance,2
The Black Parade Part 1,My Chemical Romance,2
The Black Parade Part 2,My Chemical Romance,2
This Is How Disappear,My Chemical Romance,2
Tomorrows Money,My Chemical Romance,2
Danger Days The True Lives Of The Fabulous Killjoys,My Chemical Romance,1
Disechanted,My Chemical Romance,1
Every Snowflake Is Different Just Like You,My Chemical Romance,1
Guys Like Us,My Chemical Romance,1
I Dont Love You Live,My Chemical Romance,1
Its Not A Fashion Statement Its A Fucking Deathwish,My Chemical Romance,1
Mastas Of Ravenkroft,My Chemical Romance,1
Party At The End Of The World,My Chemical Romance,1
Sharper Lives,My Chemical Romance,1
Someone Out There Loves You Stay,My Chemical Romance,1
The Black Parade (Album),My Chemical Romance,1
Untitled Stay,My Chemical Romance,1
Wish You Were Here,Pink Floyd,38
Comfortably Numb,Pink Floyd,35
Money,Pink Floyd,30
Breathe,Pink Floyd,28
Time,Pink Floyd,27
In The Flesh,Pink Floyd,26
Another Brick In The Wall Part 2,Pink Floyd,25
Mother,Pink Floyd,23
Echoes,Pink Floyd,22
Brain Damage,Pink Floyd,21
High Hopes,Pink Floyd,21
Us And Them,Pink Floyd,21
Hey You,Pink Floyd,20
Young Lust,Pink Floyd,19
Dogs,Pink Floyd,18
Empty Spaces,Pink Floyd,17
Is There Anybody Out There,Pink Floyd,17
Run Like Hell,Pink Floyd,17
Goodbye Blue Sky,Pink Floyd,16
Have A Cigar,Pink Floyd,16
Learning To Fly,Pink Floyd,15
The Thin Ice,Pink Floyd,15
Arnold Layne,Pink Floyd,14
Goodbye Cruel World,Pink Floyd,14
Coming Back To Life,Pink Floyd,13
Dont Leave Me Now,Pink Floyd,13
Eclipse,Pink Floyd,13
Marooned,Pink Floyd,13
Take It Back,Pink Floyd,13
Wots Uh The Deal,Pink Floyd,13
See Emily Play,Pink Floyd,12
The Final Cut,Pink Floyd,12
Any Colour You Like,Pink Floyd,11
Astronomy Domine,Pink Floyd,11
Breathe Reprise,Pink Floyd,11
Fat Old Sun,Pink Floyd,11
Set The Controls For The Heart Of The Sun,Pink Floyd,11
The Fletcher Memorial Home,Pink Floyd,11
Vera,Pink Floyd,11
Waiting For The Worms,Pink Floyd,11
Atom Heart Mother,Pink Floyd,10
Bike,Pink Floyd,10
Fearless,Pink Floyd,10
Great Gig In The Sky,Pink Floyd,10
On The Turning Away,Pink Floyd,10
One Of My Turns,Pink Floyd,10
One Of These Days,Pink Floyd,10
Shine On You Crazy Diamond Part I - V,Pink Floyd,10
Another Brick In The Wall Part 1,Pink Floyd,9
If,Pink Floyd,9
Julia Dream,Pink Floyd,9
Keep Talking,Pink Floyd,9
Lucifer Sam,Pink Floyd,9
Nobody Home,Pink Floyd,9
Outside The Wall,Pink Floyd,9
Pigs On The Wing,Pink Floyd,9
San Tropez,Pink Floyd,9
Sheep,Pink Floyd,9
Sorrow,Pink Floyd,9
The Happiest Days Of Our Lives,Pink Floyd,9
The Show Must Go On,Pink Floyd,9
Welcome To The Machine,Pink Floyd,9
What Shall We Do Now,Pink Floyd,9
Another Brick In The Wall Part 3,Pink Floyd,8
Cirrus Minor,Pink Floyd,8
Corporal Clegg,Pink Floyd,8
Cymbaline,Pink Floyd,8
Grantchester Meadows,Pink Floyd,8
Let There Be More Light,Pink Floyd,8
Matilda Mother,Pink Floyd,8
On The Run,Pink Floyd,8
One Of The Few,Pink Floyd,8
Pigs On The Wing Part 1,Pink Floyd,8
Pigs Three Different Ones,Pink Floyd,8
Poles Apart,Pink Floyd,8
Remember A Day,Pink Floyd,8
The Great Gig In The Sky,Pink Floyd,8
Wearing The Inside Out,Pink Floyd,8
What Do You Want From Me,Pink Floyd,8
A Great Day For Freedom,Pink Floyd,7
Careful With That Axe Eugene,Pink Floyd,7
Childhoods End,Pink Floyd,7
Dark Side Of The Moon,Pink Floyd,7
Green Is The Colour,Pink Floyd,7
Interstellar Overdrive,Pink Floyd,7
Lost For Words,Pink Floyd,7
Pigs,Pink Floyd,7
Signs Of Life,Pink Floyd,7
The Gnome,Pink Floyd,7
The Gunners Dream,Pink Floyd,7
The Nile Song,Pink Floyd,7
The Trial,Pink Floyd,7
The Wall,Pink Floyd,7
When The Tigers Broke Free,Pink Floyd,7
A Pillow Of Winds,Pink Floyd,6
Allons-Y 1,Pink Floyd,6
Anisina,Pink Floyd,6
Another Brick In The Wall,Pink Floyd,6
Biding My Time,Pink Floyd,6
Bring The Boys Back Home,Pink Floyd,6
Cluster One,Pink Floyd,6
Crying Song,Pink Floyd,6
Flaming,Pink Floyd,6
Jugband Blues,Pink Floyd,6
On Noodle Street,Pink Floyd,6
Pigs On The Wing Part 2,Pink Floyd,6
Point Me At The Sky,Pink Floyd,6
Shine On You Crazy Diamond Part Iv,Pink Floyd,6
Summer 68,Pink Floyd,6
The Gold Its In The,Pink Floyd,6
A Saucerful Of Secrets,Pink Floyd,5
Allons-Y 2,Pink Floyd,5
Crumbling Land,Pink Floyd,5
Eyes To Pearls,Pink Floyd,5
Free Four,Pink Floyd,5
Happiest Days Of Our Lives,Pink Floyd,5
Louder Than Words,Pink Floyd,5
More Blues,Pink Floyd,5
Obscured By Clouds,Pink Floyd,5
One Slip,Pink Floyd,5
Shine On You Crazy Diamond Part I,Pink Floyd,5
Shine On You Crazy Diamond Part I - Ix,Pink Floyd,5
Shine On You Crazy Diamond Part Vi - Ix,Pink Floyd,5
Stay,Pink Floyd,5
Stop,Pink Floyd,5
Terminal Frost,Pink Floyd,5
The Narrow Way Part 3,Pink Floyd,5
Your Possible Pasts,Pink Floyd,5
Alans Psychedelic Breakfast,Pink Floyd,4
Dogs Of War,Pink Floyd,4
Echoes Part 1,Pink Floyd,4
Embryo,Pink Floyd,4
Fletcher Memorial Home,Pink Floyd,4
Ibiza Bar,Pink Floyd,4
Not Now John,Pink Floyd,4
Scream Thy Last Scream,Pink Floyd,4
Shine On You Crazy Diamond Part Ii,Pink Floyd,4
Southampton Dock,Pink Floyd,4
The Narrow Way Part 2,Pink Floyd,4
The Post War Dream,Pink Floyd,4
The Scarecrow,Pink Floyd,4
Two Suns In The Sunset,Pink Floyd,4
When Youre In,Pink Floyd,4
Yet Another Movie,Pink Floyd,4
Chapter 24,Pink Floyd,3
It Would Be So Nice,Pink Floyd,3
Just Another Twelve Bar,Pink Floyd,3
More,Pink Floyd,3
Paint Box,Pink Floyd,3
Paintbox,Pink Floyd,3
Seamus,Pink Floyd,3
Shine On You Crazy Diamond,Pink Floyd,3
Shine On You Crazy Diamond Part Vi,Pink Floyd,3
Sysyphus,Pink Floyd,3
The Heros Return,Pink Floyd,3
The Piper At The Gates Of Dawn,Pink Floyd,3
Animals,Pink Floyd,2
Apples And Oranges,Pink Floyd,2
Brain Damage - Eclipse,Pink Floyd,2
Burning Bridges,Pink Floyd,2
Candy And A Currant Bun,Pink Floyd,2
Celestial Voice,Pink Floyd,2
Celestial Voices,Pink Floyd,2
Country Song,Pink Floyd,2
Cymblaine,Pink Floyd,2
Dramatic Theme,Pink Floyd,2
Ebb And Flow,Pink Floyd,2
Every Strangers Eyes,Pink Floyd,2
Get Your Filthy Hands Off My Desert,Pink Floyd,2
Goodbye Blue Skies,Pink Floyd,2
Its What We Do,Pink Floyd,2
Learning To Fly 1St Solo Only,Pink Floyd,2
Lucy Leave,Pink Floyd,2
Mudmen,Pink Floyd,2
On The Turning Away Live,Pink Floyd,2
One In A Million,Pink Floyd,2
Paranoid Eyes,Pink Floyd,2
Pink Floyd - See Emily Playgp,Pink Floyd,2
Pow R Toc H,Pink Floyd,2
Round And Around,Pink Floyd,2
Scarecrow,Pink Floyd,2
See Saw,Pink Floyd,2
Speak To Mebreathe,Pink Floyd,2
Taking It Back,Pink Floyd,2
The Dogs Of War,Pink Floyd,2
The Happiest Days In Our Lives,Pink Floyd,2
The Wall Part 1,Pink Floyd,2
Thin Ice-Brick In The Wall,Pink Floyd,2
Things Left Unsaid,Pink Floyd,2
Tide Is Turning,Pink Floyd,2
Two Of A Kind,Pink Floyd,2
Vegetable Man,Pink Floyd,2
Youve Got To Be Crazy,Pink Floyd,2
4S,Pink Floyd,1
A Momentary Lapse Of Reason,Pink Floyd,1
Autumn 68,Pink Floyd,1
Best Days Of Our Lives,Pink Floyd,1
Breathe - Time,Pink Floyd,1
C,Pink Floyd,1
Calling,Pink Floyd,1
Division Bell,Pink Floyd,1
Final Cut,Pink Floyd,1
Happiest Days,Pink Floyd,1
In The Flesh Pt 1 And 2,Pink Floyd,1
Meddle,Pink Floyd,1
Mlor,Pink Floyd,1
Mother Live,Pink Floyd,1
Nervana,Pink Floyd,1
Only Prettier,Pink Floyd,1
Pulse,Pink Floyd,1
Shine On You Crazy Diamond Part I - Iv,Pink Floyd,1
Shine On You Crazy Diamond Part Ii - Iv,Pink Floyd,1
Shine On You Crazy Diamond Part Iii,Pink Floyd,1
Shine On You Crazy Diamond Part Ix,Pink Floyd,1
Shine On You Crazy Diamond Part V - Ix,Pink Floyd,1
Surfacing,Pink Floyd,1
Take Up Thy Stethoscope And Walk,Pink Floyd,1
Take Up Thy Sthethoscope And Walk,Pink Floyd,1
Talkin Hawkin,Pink Floyd,1
Terminal Forst,Pink Floyd,1
The Hard Way,Pink Floyd,1
The Last Few Bricks,Pink Floyd,1
The Narrow Way Part 1,Pink Floyd,1
Up The Khyber,Pink Floyd,1
Wish You Where Her,Pink Floyd,1
Creep,Radiohead,40
No Surprises,Radiohead,30
Paranoid Android,Radiohead,30
Fake Plastic Trees,Radiohead,29
Karma Police,Radiohead,29
High And Dry,Radiohead,27
Just,Radiohead,25
Street Spirit Fade Out,Radiohead,25
There There,Radiohead,24
Exit Music For A Film,Radiohead,20
My Iron Lung,Radiohead,20
The Bends,Radiohead,19
Nude,Radiohead,18
Idioteque,Radiohead,17
15 Step,Radiohead,16
Blow Out,Radiohead,16
Daydreaming,Radiohead,16
Motion Picture Soundtrack,Radiohead,16
True Love Waits,Radiohead,16
Videotape,Radiohead,16
Everything In Its Right Place,Radiohead,15
How To Disappear Completely,Radiohead,15
Optimistic,Radiohead,15
Pyramid Song,Radiohead,15
Reckoner,Radiohead,15
Talk Show Host,Radiohead,15
Weird Fishes Arpeggi,Radiohead,15
Airbag,Radiohead,14
House Of Cards,Radiohead,14
Knives Out,Radiohead,14
Like Spinning Plates,Radiohead,14
Lotus Flower,Radiohead,14
The Tourist,Radiohead,14
2 2 5,Radiohead,13
Jigsaw Falling Into Place,Radiohead,13
Lucky,Radiohead,13
Myxomatosis,Radiohead,13
All I Need,Radiohead,12
Bones,Radiohead,12
Electioneering,Radiohead,12
Faust Arp,Radiohead,12
Let Down,Radiohead,12
Man Of War,Radiohead,12
Thinking About You,Radiohead,12
You,Radiohead,12
A Wolf At The Door,Radiohead,11
Black Star,Radiohead,11
Climbing Up The Walls,Radiohead,11
Go To Sleep,Radiohead,11
Identikit,Radiohead,11
Morning Bell,Radiohead,11
Nice Dream,Radiohead,11
Subterranean Homesick Alien,Radiohead,11
The National Anthem,Radiohead,11
Where I End And You Begin,Radiohead,11
Bodysnatchers,Radiohead,10
Codex,Radiohead,10
Go Slowly,Radiohead,10
I Will,Radiohead,10
Kid A,Radiohead,10
Last Flowers,Radiohead,10
Planet Telex,Radiohead,10
Sail To The Moon,Radiohead,10
Separator,Radiohead,10
The Numbers,Radiohead,10
Burn The Witch,Radiohead,9
Decks Dark,Radiohead,9
Hunting Bears,Radiohead,9
I Might Be Wrong,Radiohead,9
Scatterbrain,Radiohead,9
Sulk,Radiohead,9
Vegetable,Radiohead,9
You And Whose Army,Radiohead,9
Banana Co,Radiohead,8
Bangers N Mash,Radiohead,8
Ful Stop,Radiohead,8
Lift,Radiohead,8
Lurgee,Radiohead,8
Sit Down Stand Up,Radiohead,8
Staircase,Radiohead,8
You Never Wash Up After Yourself,Radiohead,8
A Punchup At A Wedding,Radiohead,7
Bloom,Radiohead,7
Bulletproof I Wish I Was,Radiohead,7
Fog Again,Radiohead,7
How Do You,Radiohead,7
I Promise,Radiohead,7
In Limbo,Radiohead,7
Life In A Glass House,Radiohead,7
Little By Little,Radiohead,7
Maquiladora,Radiohead,7
Pearly,Radiohead,7
Pop Is Dead,Radiohead,7
Stop Whispering,Radiohead,7
The Gloaming,Radiohead,7
The Trickster,Radiohead,7
Anyone Can Play Guitar,Radiohead,6
Backdrifts,Radiohead,6
Desert Island Disk,Radiohead,6
Dollars And Cents,Radiohead,6
Down Is The New Up,Radiohead,6
Feral,Radiohead,6
Fog,Radiohead,6
Give Up The Ghost,Radiohead,6
I Cant,Radiohead,6
Inside My Head,Radiohead,6
Killer Cars,Radiohead,6
Packt Like Sardines In A Crushd Tin Box,Radiohead,6
Polyethylene,Radiohead,6
Present Tense,Radiohead,6
Prove Yourself,Radiohead,6
Ripcord,Radiohead,6
The Present Tense,Radiohead,6
We Suck Young Blood,Radiohead,6
4 Minute Warning,Radiohead,5
Arpeggi,Radiohead,5
Glass Eyes,Radiohead,5
India Rubber,Radiohead,5
Morning Mr Magpie,Radiohead,5
Nobody Does It Better,Radiohead,5
Bishops Robes,Radiohead,4
Gagging Order,Radiohead,4
I Want None Of This,Radiohead,4
Lull,Radiohead,4
Meeting In The Aisle,Radiohead,4
Molasses,Radiohead,4
Reminder,Radiohead,4
The Butcher,Radiohead,4
The Daily Mail,Radiohead,4
Tinker Tailor Soldier Sailor Rich Man Poor Man Beggar Man Thief,Radiohead,4
Treefingers,Radiohead,4
Wolf At The Door,Radiohead,4
Cut A Hole,Radiohead,3
Fitter Happier,Radiohead,3
Follow Me Around,Radiohead,3
How I Made My Millions,Radiohead,3
Hungry,Radiohead,3
Lewis Mistreated,Radiohead,3
Life In A Glasshouse,Radiohead,3
Lozenge Of Love,Radiohead,3
Palo Alto,Radiohead,3
Paperbag Writer,Radiohead,3
Punchdrunk Lovesick Singalong,Radiohead,3
Rabbit In Your Headlights,Radiohead,3
Stupid Car,Radiohead,3
The Amazing Sounds Of Orgy,Radiohead,3
Worrywort,Radiohead,3
Yes I Am,Radiohead,3
225,Radiohead,2
A Moon Shaped Pool,Radiohead,2
After The Gold Rush,Radiohead,2
Alligators In New York Sewers,Radiohead,2
Anyone Can Play,Radiohead,2
Been Thinking Bout You,Radiohead,2
Big Ideas,Radiohead,2
Big Ideas Nude,Radiohead,2
Bullet Proof,Radiohead,2
Bulletproof,Radiohead,2
Egyptian Song,Radiohead,2
Faithless The Wonder Boy,Radiohead,2
Fasut Arp,Radiohead,2
Forgotten,Radiohead,2
Harry Patch In Memory Of,Radiohead,2
High Dry,Radiohead,2
How Can You Be Sure,Radiohead,2
I Am Citizen Insane,Radiohead,2
I Might Be Wrong En Vivo,Radiohead,2
Idioteque Morning Bell,Radiohead,2
Idiotequelive,Radiohead,2
Idiotique,Radiohead,2
Ill Wind,Radiohead,2
In My Place,Radiohead,2
Innocent Civilian,Radiohead,2
Melatonin,Radiohead,2
Million Dollar Question,Radiohead,2
Morning Bell Amnesiac,Radiohead,2
Morning Milord,Radiohead,2
Motion Picture,Radiohead,2
Myxomatosis Judge Jury Executioner,Radiohead,2
Ok Computer,Radiohead,2
Open Pick,Radiohead,2
Packt Like Sardines In A Crushed Tin Box,Radiohead,2
Paranoid Android En Vivo,Radiohead,2
Permanent Daylight,Radiohead,2
Polyethylene Part 1,Radiohead,2
Polyethylene Parts 1 And 2,Radiohead,2
Polythylene,Radiohead,2
Subterranean Homeick Alien Acoustic,Radiohead,2
Super Collider,Radiohead,2
These Are My Twisted Words,Radiohead,2
Up On The Ladder,Radiohead,2
Where It Ends And You Begin,Radiohead,2
Wish You Were Here,Radiohead,2
Wonderwall,Radiohead,2
You Ad Whose Army,Radiohead,2
You Never Wash Up Adter Yourself Remix By Kisscool,Radiohead,2
Analyse,Radiohead,1
Are You Someone,Radiohead,1
Attention,Radiohead,1
Been Thinking About You,Radiohead,1
Bullet Proof I Wish I Was,Radiohead,1
Bullet Proofi Wish I Was,Radiohead,1
Bulletproff I Wish I Was,Radiohead,1
Ceremony,Radiohead,1
Coke Babies,Radiohead,1
Cuttooth,Radiohead,1
Daydreaming Interlude,Radiohead,1
Dowen Is The New Up,Radiohead,1
Everyone Needs Someone To Hate,Radiohead,1
Everything,Radiohead,1
Exit Music,Radiohead,1
How To Dissapear Completely,Radiohead,1
I Might Be Wrong Acoustic,Radiohead,1
I Will Kid A Version,Radiohead,1
Kinetic,Radiohead,1
Lewis,Radiohead,1
Myxamatosis,Radiohead,1
Nobody Does It Better Cover,Radiohead,1
On The Beach,Radiohead,1
Polyethylene (Part 2),Radiohead,1
Pulk Pull Revolving Doors,Radiohead,1
Silent Spring,Radiohead,1
Skirting On The Surface Live,Radiohead,1
Spectre,Radiohead,1
Spooks,Radiohead,1
Steet Spirit,Radiohead,1
Street Spirit,Radiohead,1
Supercollider,Radiohead,1
Tell Me Why,Radiohead,1
The Amazing Sounds Of An Orgy,Radiohead,1
The Rip,Radiohead,1
Thinking About You (Non-Acoustic),Radiohead,1
To Be A Brilliant Light,Radiohead,1
Transatlantic Drawl,Radiohead,1
Weird Fishes Acoustic,Radiohead,1
Wicked Child,Radiohead,1
You And Whos Army,Radiohead,1
You Never Wash Up,Radiohead,1
Californication,Red Hot Chili Peppers,78
Under The Bridge,Red Hot Chili Peppers,54
Otherside,Red Hot Chili Peppers,47
By The Way,Red Hot Chili Peppers,45
Snow Hey Oh,Red Hot Chili Peppers,45
Cant Stop,Red Hot Chili Peppers,39
Scar Tissue,Red Hot Chili Peppers,36
Slow Cheetah,Red Hot Chili Peppers,36
Dani California,Red Hot Chili Peppers,35
Dosed,Red Hot Chili Peppers,31
I Could Have Lied,Red Hot Chili Peppers,31
Soul To Squeeze,Red Hot Chili Peppers,31
The Zephyr Song,Red Hot Chili Peppers,30
Road Trippin,Red Hot Chili Peppers,28
Dont Forget Me,Red Hot Chili Peppers,27
Fortune Faded,Red Hot Chili Peppers,26
Stadium Arcadium,Red Hot Chili Peppers,26
Especially In Michigan,Red Hot Chili Peppers,25
Give It Away,Red Hot Chili Peppers,25
Tell Me Baby,Red Hot Chili Peppers,25
Wet Sand,Red Hot Chili Peppers,25
Breaking The Girl,Red Hot Chili Peppers,24
Dark Necessities,Red Hot Chili Peppers,24
She Looks To Me,Red Hot Chili Peppers,24
The Adventures Of Rain Dance Maggie,Red Hot Chili Peppers,24
Around The World,Red Hot Chili Peppers,23
Desecration Smile,Red Hot Chili Peppers,23
My Friends,Red Hot Chili Peppers,23
Easily,Red Hot Chili Peppers,22
Brendans Death Song,Red Hot Chili Peppers,21
Cabron,Red Hot Chili Peppers,21
Right On Time,Red Hot Chili Peppers,21
Shes Only 18,Red Hot Chili Peppers,21
Suck My Kiss,Red Hot Chili Peppers,21
Universally Speaking,Red Hot Chili Peppers,21
Venice Queen,Red Hot Chili Peppers,21
Minor Thing,Red Hot Chili Peppers,20
Havana Affair,Red Hot Chili Peppers,19
Hump De Bump,Red Hot Chili Peppers,19
Make You Feel Better,Red Hot Chili Peppers,19
Torture Me,Red Hot Chili Peppers,19
Aeroplane,Red Hot Chili Peppers,18
Charlie,Red Hot Chili Peppers,18
Hard To Concentrate,Red Hot Chili Peppers,18
Higher Ground,Red Hot Chili Peppers,18
Parallel Universe,Red Hot Chili Peppers,18
Throw Away Your Television,Red Hot Chili Peppers,18
Factory Of Faith,Red Hot Chili Peppers,17
Get Up And Jump,Red Hot Chili Peppers,17
I Could Die For You,Red Hot Chili Peppers,17
Ready Made,Red Hot Chili Peppers,17
Save The Population,Red Hot Chili Peppers,17
Stone Cold Bush,Red Hot Chili Peppers,17
Storm In A Teacup,Red Hot Chili Peppers,17
Tear,Red Hot Chili Peppers,17
Annie Wants A Baby,Red Hot Chili Peppers,16
Ethiopia,Red Hot Chili Peppers,16
Funky Monks,Red Hot Chili Peppers,16
My Lovely Man,Red Hot Chili Peppers,16
The Power Of Equality,Red Hot Chili Peppers,16
This Is The Place,Red Hot Chili Peppers,16
21St Century,Red Hot Chili Peppers,15
Death Of A Martian,Red Hot Chili Peppers,15
Fight Like A Brave,Red Hot Chili Peppers,15
Purple Stain,Red Hot Chili Peppers,15
Strip My Mind,Red Hot Chili Peppers,15
This Velvet Glove,Red Hot Chili Peppers,15
Blood Sugar Sex Magik,Red Hot Chili Peppers,14
If You Have To Ask,Red Hot Chili Peppers,14
Mellowship Slinky In B Major,Red Hot Chili Peppers,14
Police Station,Red Hot Chili Peppers,14
Under The,Red Hot Chili Peppers,14
Animal Bar,Red Hot Chili Peppers,13
Cmon Girl,Red Hot Chili Peppers,13
Coffee Shop,Red Hot Chili Peppers,13
Did I Let You Know,Red Hot Chili Peppers,13
Hey,Red Hot Chili Peppers,13
Midnight,Red Hot Chili Peppers,13
Porcelain,Red Hot Chili Peppers,13
Pretty Little Ditty,Red Hot Chili Peppers,13
Quixoticelixer,Red Hot Chili Peppers,13
Sir Psycho Sexy,Red Hot Chili Peppers,13
Skinny Sweaty Man,Red Hot Chili Peppers,13
The Greeting Song,Red Hot Chili Peppers,13
Brandy,Red Hot Chili Peppers,12
Get On Top,Red Hot Chili Peppers,12
Knock Me Down,Red Hot Chili Peppers,12
Monarchy Of Roses,Red Hot Chili Peppers,12
On Mercury,Red Hot Chili Peppers,12
Subway To Venus,Red Hot Chili Peppers,12
The Longest Wave,Red Hot Chili Peppers,12
Warm Tape,Red Hot Chili Peppers,12
Apache Rose Peacock,Red Hot Chili Peppers,11
Good Time Boys,Red Hot Chili Peppers,11
Goodbye Angels,Red Hot Chili Peppers,11
Goodbye Hooray,Red Hot Chili Peppers,11
If,Red Hot Chili Peppers,11
Leverage Of Space,Red Hot Chili Peppers,11
Meet Me At The Corner,Red Hot Chili Peppers,11
Million Miles Of Water,Red Hot Chili Peppers,11
Pea,Red Hot Chili Peppers,11
Savior,Red Hot Chili Peppers,11
So Much I,Red Hot Chili Peppers,11
Tearjerker,Red Hot Chili Peppers,11
Warlocks,Red Hot Chili Peppers,11
Buckle Down,Red Hot Chili Peppers,10
Bunker Hill,Red Hot Chili Peppers,10
Even You Brutus,Red Hot Chili Peppers,10
Gong Li,Red Hot Chili Peppers,10
Me And My Friends,Red Hot Chili Peppers,10
Out In La,Red Hot Chili Peppers,10
Over Funk,Red Hot Chili Peppers,10
Power Of Equality,Red Hot Chili Peppers,10
Rivers Of Avalon,Red Hot Chili Peppers,10
Rolling Sly Stone,Red Hot Chili Peppers,10
Taste The Pain,Red Hot Chili Peppers,10
True Men Dont Kill Coyotes,Red Hot Chili Peppers,10
Warped,Red Hot Chili Peppers,10
We Believe,Red Hot Chili Peppers,10
Behind The Sun,Red Hot Chili Peppers,9
Bicycle Song,Red Hot Chili Peppers,9
Castles Made Of Sand,Red Hot Chili Peppers,9
Emit Remmus,Red Hot Chili Peppers,9
Funny Face,Red Hot Chili Peppers,9
Go Robot,Red Hot Chili Peppers,9
I Like Dirt,Red Hot Chili Peppers,9
Look Around,Red Hot Chili Peppers,9
Magic Johnson,Red Hot Chili Peppers,9
Naked In The Rain,Red Hot Chili Peppers,9
One Hot Minute,Red Hot Chili Peppers,9
Police Helicopter,Red Hot Chili Peppers,9
Save This Lady,Red Hot Chili Peppers,9
Sexy Mexican Maid,Red Hot Chili Peppers,9
Show Me Your Soul,Red Hot Chili Peppers,9
Sick Love,Red Hot Chili Peppers,9
Sikamikanico,Red Hot Chili Peppers,9
Special Secret Song Inside,Red Hot Chili Peppers,9
Subterranean Homesick Blues,Red Hot Chili Peppers,9
The Getaway,Red Hot Chili Peppers,9
Turn It Again,Red Hot Chili Peppers,9
Walkabout,Red Hot Chili Peppers,9
American Ghost Dance,Red Hot Chili Peppers,8
Baby Appeal,Red Hot Chili Peppers,8
Backwoods,Red Hot Chili Peppers,8
Blackeyed Blonde,Red Hot Chili Peppers,8
Falling Into Grace,Red Hot Chili Peppers,8
Fire,Red Hot Chili Peppers,8
Love Rollercoaster,Red Hot Chili Peppers,8
Search And Destroy,Red Hot Chili Peppers,8
We Turn Red,Red Hot Chili Peppers,8
Yertle The Turtle,Red Hot Chili Peppers,8
Deep Kick,Red Hot Chili Peppers,7
Encore,Red Hot Chili Peppers,7
Green Heaven,Red Hot Chili Peppers,7
I Feel Love,Red Hot Chili Peppers,7
If You Want Me To Stay,Red Hot Chili Peppers,7
Jungle Man,Red Hot Chili Peppers,7
Long Progression,Red Hot Chili Peppers,7
Mommy Wheres Daddy,Red Hot Chili Peppers,7
Nevermind,Red Hot Chili Peppers,7
Shallow Be Thy Game,Red Hot Chili Peppers,7
Teenager In Love,Red Hot Chili Peppers,7
The Righteous And The Wicked,Red Hot Chili Peppers,7
Theyre Red Hot,Red Hot Chili Peppers,7
Time,Red Hot Chili Peppers,7
Tiny Dancer,Red Hot Chili Peppers,7
By The,Red Hot Chili Peppers,6
Catholic School Girls Rule,Red Hot Chili Peppers,6
Dont Forget Me Live,Red Hot Chili Peppers,6
Felas Cock,Red Hot Chili Peppers,6
Maybe,Red Hot Chili Peppers,6
Mercy Mercy,Red Hot Chili Peppers,6
Nobody Weird Like Me,Red Hot Chili Peppers,6
Punk Rock Classic,Red Hot Chili Peppers,6
Runaway,Red Hot Chili Peppers,6
Salute To Kareem,Red Hot Chili Peppers,6
Sex Rap,Red Hot Chili Peppers,6
Someone,Red Hot Chili Peppers,6
Transcending,Red Hot Chili Peppers,6
What Is Soul,Red Hot Chili Peppers,6
What It Is,Red Hot Chili Peppers,6
Why Dont You Love Me,Red Hot Chili Peppers,6
After Hours,Red Hot Chili Peppers,5
Black Cross,Red Hot Chili Peppers,5
Body Of Water,Red Hot Chili Peppers,5
Brothers Cup,Red Hot Chili Peppers,5
Dance Dance Dance,Red Hot Chili Peppers,5
Dani Caifornia,Red Hot Chili Peppers,5
Eskimo,Red Hot Chili Peppers,5
Fat Dance,Red Hot Chili Peppers,5
Feasting On The Flowers,Red Hot Chili Peppers,5
Funky Crime,Red Hot Chili Peppers,5
Happiness Loves Company,Red Hot Chili Peppers,5
Hometown Gypsy,Red Hot Chili Peppers,5
Instrumental 1,Red Hot Chili Peppers,5
Joe,Red Hot Chili Peppers,5
Lately,Red Hot Chili Peppers,5
Love Trilogy,Red Hot Chili Peppers,5
Lovin And Touchin,Red Hot Chili Peppers,5
No Chump Love Sucker,Red Hot Chili Peppers,5
One Big Mob,Red Hot Chili Peppers,5
Quixoticelixir,Red Hot Chili Peppers,5
Saviour,Red Hot Chili Peppers,5
Stadium Arcadium - Jupiter,Red Hot Chili Peppers,5
The Brothers Cup,Red Hot Chili Peppers,5
This Ticonderoga,Red Hot Chili Peppers,5
Whatever We Want,Red Hot Chili Peppers,5
A Certain Someone,Red Hot Chili Peppers,4
Battle Ship,Red Hot Chili Peppers,4
Bob,Red Hot Chili Peppers,4
Dr Funkenstein,Red Hot Chili Peppers,4
F U,Red Hot Chili Peppers,4
Freaky Styley,Red Hot Chili Peppers,4
Fu,Red Hot Chili Peppers,4
How Strong,Red Hot Chili Peppers,4
I Found Out,Red Hot Chili Peppers,4
Love Of Your Life,Red Hot Chili Peppers,4
Mini Epic,Red Hot Chili Peppers,4
Out Of Range,Red Hot Chili Peppers,4
Pink As Floyd,Red Hot Chili Peppers,4
Religion,Red Hot Chili Peppers,4
Rolling Slystone,Red Hot Chili Peppers,4
Stadium Arcadium - Mars,Red Hot Chili Peppers,4
The Hunter,Red Hot Chili Peppers,4
Walkin On Down The Road,Red Hot Chili Peppers,4
Yertle Trilogy,Red Hot Chili Peppers,4
Blues For Meister,Red Hot Chili Peppers,3
Bullet Proof,Red Hot Chili Peppers,3
Californication Live,Red Hot Chili Peppers,3
Detroit,Red Hot Chili Peppers,3
Dreams Of A Samurai,Red Hot Chili Peppers,3
Fox On The Run,Red Hot Chili Peppers,3
Goldmine,Red Hot Chili Peppers,3
Greatest Hits,Red Hot Chili Peppers,3
Hanalei,Red Hot Chili Peppers,3
Handclapping Song,Red Hot Chili Peppers,3
Hollywood,Red Hot Chili Peppers,3
In Love Dying,Red Hot Chili Peppers,3
Instrumental No 1,Red Hot Chili Peppers,3
Intro,Red Hot Chili Peppers,3
Johnny Kick A Hole In The Sky,Red Hot Chili Peppers,3
Johnny Kick Hole In The Sky,Red Hot Chili Peppers,3
Lets Make Evil,Red Hot Chili Peppers,3
Melancholy Mechanics,Red Hot Chili Peppers,3
Never Is A Long Time,Red Hot Chili Peppers,3
Nothing To Lose,Red Hot Chili Peppers,3
Organic Anti Beat Box Band,Red Hot Chili Peppers,3
Parellel Universe,Red Hot Chili Peppers,3
Phat Dance,Red Hot Chili Peppers,3
Readymade,Red Hot Chili Peppers,3
Tellin A Lie,Red Hot Chili Peppers,3
Velvet Glove,Red Hot Chili Peppers,3
Anarchy In The Uk Flea,Red Hot Chili Peppers,2
Bass,Red Hot Chili Peppers,2
Bass Solo,Red Hot Chili Peppers,2
Bassrare,Red Hot Chili Peppers,2
Battleship,Red Hot Chili Peppers,2
Brandy Youre A Fine Girl,Red Hot Chili Peppers,2
By The Way Jam Live,Red Hot Chili Peppers,2
Californication At Vma 2000,Red Hot Chili Peppers,2
Catch My Death,Red Hot Chili Peppers,2
Coffes Shop,Red Hot Chili Peppers,2
Dani California Bass Cover,Red Hot Chili Peppers,2
Dr Funkentstein Live,Red Hot Chili Peppers,2
Emmit Remmus,Red Hot Chili Peppers,2
Everybody Knows This Is Nowhere,Red Hot Chili Peppers,2
Factory Of Faiht,Red Hot Chili Peppers,2
Fall Water,Red Hot Chili Peppers,2
Flea Bass Solo Intro Live At Woodstock,Red Hot Chili Peppers,2
Flea Bass Solo Live,Red Hot Chili Peppers,2
Fleas Cock,Red Hot Chili Peppers,2
Gonna Get Yours,Red Hot Chili Peppers,2
Good God Jam,Red Hot Chili Peppers,2
Grand Pappy Du Plenty,Red Hot Chili Peppers,2
I Could Have Lied Live Off The Map,Red Hot Chili Peppers,2
I Get Around,Red Hot Chili Peppers,2
If You Got Funk You Got Style,Red Hot Chili Peppers,2
Ill Be Your Domino,Red Hot Chili Peppers,2
Instrumental No 2,Red Hot Chili Peppers,2
Jamming An,Red Hot Chili Peppers,2
Live In Hydepark,Red Hot Chili Peppers,2
Love Roller Coaster,Red Hot Chili Peppers,2
Magic Johson,Red Hot Chili Peppers,2
Magpies On Fire,Red Hot Chili Peppers,2
Maybe Live At Slane,Red Hot Chili Peppers,2
Mellowship Slinki In B Major,Red Hot Chili Peppers,2
Metro,Red Hot Chili Peppers,2
Millionaires Against Hunger,Red Hot Chili Peppers,2
Millionares Against Hunger,Red Hot Chili Peppers,2
Mommasan,Red Hot Chili Peppers,2
Mothers Milk,Red Hot Chili Peppers,2
Off The Map - Final Jam,Red Hot Chili Peppers,2
Open Close,Red Hot Chili Peppers,2
Organic Anti-Beat Box Band,Red Hot Chili Peppers,2
Party On Your Pussy Special Secret Song Inside,Red Hot Chili Peppers,2
Permutation,Red Hot Chili Peppers,2
Quick Jam,Red Hot Chili Peppers,2
Quick Jam At Big Day Out,Red Hot Chili Peppers,2
Quick Jam Big Day Out,Red Hot Chili Peppers,2
Red Hot Mama,Red Hot Chili Peppers,2
Red Hot Medley,Red Hot Chili Peppers,2
Right On Time Vivo Santiago - Chile 2002,Red Hot Chili Peppers,2
Rivers Of Avelon,Red Hot Chili Peppers,2
Roller Coaster Of Love,Red Hot Chili Peppers,2
Saivior,Red Hot Chili Peppers,2
Salute To Kareem Demo,Red Hot Chili Peppers,2
Save The Popilation,Red Hot Chili Peppers,2
Scar Tissue Live Studio Canal,Red Hot Chili Peppers,2
Slane Castle,Red Hot Chili Peppers,2
Slane Castle Intro,Red Hot Chili Peppers,2
Slane Castle Jam,Red Hot Chili Peppers,2
Slane Castle Live Intro,Red Hot Chili Peppers,2
Slowly Deeply,Red Hot Chili Peppers,2
Song That Made Us What We Are Today,Red Hot Chili Peppers,2
Song That Made Us What We Are Today Demo,Red Hot Chili Peppers,2
Strange Man,Red Hot Chili Peppers,2
Teatro Jam,Red Hot Chili Peppers,2
The Coffee Shop,Red Hot Chili Peppers,2
The Righteous The Wicked,Red Hot Chili Peppers,2
The Rivers Of Avelon,Red Hot Chili Peppers,2
The Song That Made Us What We Are Today,Red Hot Chili Peppers,2
Tortue Me,Red Hot Chili Peppers,2
Under The Bridge Live On Snl,Red Hot Chili Peppers,2
Under The Bridge Unplugged,Red Hot Chili Peppers,2
Venice Queen Pt 2,Red Hot Chili Peppers,2
Venice Queen Pt1,Red Hot Chili Peppers,2
Victorian Machinery,Red Hot Chili Peppers,2
You Got Stuck With Me,Red Hot Chili Peppers,2
Youre Gonna Get Yours,Red Hot Chili Peppers,2
Areoplane,Red Hot Chili Peppers,1
Blue Monday,Red Hot Chili Peppers,1
Brave From Afar,Red Hot Chili Peppers,1
By The Way Live,Red Hot Chili Peppers,1
Californication Solo Live In Chile,Red Hot Chili Peppers,1
Circle Of The Noose,Red Hot Chili Peppers,1
City Of Angels,Red Hot Chili Peppers,1
Crosstown Traffic,Red Hot Chili Peppers,1
Decretacion Smile,Red Hot Chili Peppers,1
End Jam Werchter 2006,Red Hot Chili Peppers,1
Flea,Red Hot Chili Peppers,1
Flea From Rhcp,Red Hot Chili Peppers,1
Foxy Lady Live,Red Hot Chili Peppers,1
How It Ends,Red Hot Chili Peppers,1
Hyde Park Solo,Red Hot Chili Peppers,1
If You Got Funk You Got Soul,Red Hot Chili Peppers,1
Ive Been Down,Red Hot Chili Peppers,1
Million Miles Of Water Fill,Red Hot Chili Peppers,1
Mini-Epic Kill For Your Country,Red Hot Chili Peppers,1
No Head No Backstage Pass,Red Hot Chili Peppers,1
On Murcury,Red Hot Chili Peppers,1
Otherside Live,Red Hot Chili Peppers,1
Parallel Universe Live,Red Hot Chili Peppers,1
Plate Of Brown,Red Hot Chili Peppers,1
Prince Of Sadness,Red Hot Chili Peppers,1
Rare Bass,Red Hot Chili Peppers,1
Right On Time Live,Red Hot Chili Peppers,1
Righteous And The Wicked,Red Hot Chili Peppers,1
Rolling Sly Stone Live,Red Hot Chili Peppers,1
Scar Tissue Live,Red Hot Chili Peppers,1
Scar Tissue Part 2,Red Hot Chili Peppers,1
Skinny Sweety Man,Red Hot Chili Peppers,1
Soul To Squeeze Live,Red Hot Chili Peppers,1
Stretch You Out B-Side,Red Hot Chili Peppers,1
The Abbey Road,Red Hot Chili Peppers,1
The Longest Wave Philadelphia Live,Red Hot Chili Peppers,1
The Sunset Sleeps,Red Hot Chili Peppers,1
The Uplift Mofo Party Plan,Red Hot Chili Peppers,1
The Zephy Song,Red Hot Chili Peppers,1
The Zephyr Song Part 1,Red Hot Chili Peppers,1
The Zephyr Song Part 2,Red Hot Chili Peppers,1
This Is The Kitt,Red Hot Chili Peppers,1
Touture Me,Red Hot Chili Peppers,1
Tuesday Night In Berlin,Red Hot Chili Peppers,1
Under The Bridge Live 2005,Red Hot Chili Peppers,1
Wannabe,Red Hot Chili Peppers,1
Woodstock Bass,Red Hot Chili Peppers,1
Your Eyes Girl,Red Hot Chili Peppers,1
Your Gonna Get Yours,Red Hot Chili Peppers,1
Zephyr Song Slane Castle,Red Hot Chili Peppers,1
Сalifornication,Red Hot Chili Peppers,1
Love Story,Taylor Swift,36
White Horse,Taylor Swift,31
Fearless,Taylor Swift,30
Back To December,Taylor Swift,29
Blank Space,Taylor Swift,28
Mean,Taylor Swift,24
Enchanted,Taylor Swift,22
Mine,Taylor Swift,22
Teardrops On My Guitar,Taylor Swift,22
You Belong With Me,Taylor Swift,22
Sparks Fly,Taylor Swift,21
Shake It Off,Taylor Swift,20
Red,Taylor Swift,19
Safe And Sound,Taylor Swift,19
The Story Of Us,Taylor Swift,18
Tim Mcgraw,Taylor Swift,18
I Knew You Were Trouble,Taylor Swift,17
Look What You Made Me Do,Taylor Swift,17
Our Song,Taylor Swift,17
Speak Now,Taylor Swift,17
Youre Not Sorry,Taylor Swift,17
Better Than Revenge,Taylor Swift,16
Crazier,Taylor Swift,16
Fifteen,Taylor Swift,16
Style,Taylor Swift,16
Treacherous,Taylor Swift,16
Untouchable,Taylor Swift,16
22,Taylor Swift,15
Hey Stephen,Taylor Swift,15
Never Grow Up,Taylor Swift,15
We Are Never Ever Getting Back Together,Taylor Swift,15
Breathe,Taylor Swift,14
Cold As You,Taylor Swift,14
Forever And Always,Taylor Swift,14
Im Only Me When Im With You,Taylor Swift,14
State Of Grace,Taylor Swift,14
All Too Well,Taylor Swift,13
Call It What You Want,Taylor Swift,13
Change,Taylor Swift,13
Dear John,Taylor Swift,13
I Dont Wanna Live Forever,Taylor Swift,13
Innocent,Taylor Swift,13
Superstar,Taylor Swift,13
The Best Day,Taylor Swift,13
Begin Again,Taylor Swift,12
Eyes Open,Taylor Swift,12
Last Kiss,Taylor Swift,12
Ronan,Taylor Swift,12
Everything Has Changed,Taylor Swift,11
If This Was A Movie,Taylor Swift,11
Sad Beautiful Tragic,Taylor Swift,11
Shouldve Said No,Taylor Swift,11
Starlight,Taylor Swift,11
Today Was A Fairytale,Taylor Swift,11
A Place In This World,Taylor Swift,10
Bad Blood,Taylor Swift,10
Beautiful Eyes,Taylor Swift,10
Haunted,Taylor Swift,10
Jump Then Fall,Taylor Swift,10
Long Live,Taylor Swift,10
Ours,Taylor Swift,10
Picture To Burn,Taylor Swift,10
Wildest Dreams,Taylor Swift,10
A Perfectly Good Heart,Taylor Swift,9
Christmases When You Were Mine,Taylor Swift,9
Holy Ground,Taylor Swift,9
I Almost Do,Taylor Swift,9
New Years Day,Taylor Swift,9
Out Of The Woods,Taylor Swift,9
The Lucky One,Taylor Swift,9
The Way I Loved You,Taylor Swift,9
This Love,Taylor Swift,9
Welcome To New York,Taylor Swift,9
Gorgeous,Taylor Swift,8
Stay Beautiful,Taylor Swift,8
Stay Stay Stay,Taylor Swift,8
All You Had To Do Was Stay,Taylor Swift,7
Clean,Taylor Swift,7
Come Back Be Here,Taylor Swift,7
Come In With The Rain,Taylor Swift,7
Superman,Taylor Swift,7
The Moment I Knew,Taylor Swift,7
Your Anything,Taylor Swift,7
Christmas Must Be Something More,Taylor Swift,6
Dark Blue Tennessee,Taylor Swift,6
Girl At Home,Taylor Swift,6
I Know Places,Taylor Swift,6
Id Lie,Taylor Swift,6
Sweeter Than Fiction,Taylor Swift,6
How You Get The Girl,Taylor Swift,5
I Wish You Would,Taylor Swift,5
Invisible,Taylor Swift,5
King Of My Heart,Taylor Swift,5
Marys Song Oh My My My,Taylor Swift,5
Outside,Taylor Swift,5
Permanent Marker,Taylor Swift,5
Tell Me Why,Taylor Swift,5
The Last Time,Taylor Swift,5
The Other Side Of The Door,Taylor Swift,5
Wonderland,Taylor Swift,5
Bette Davis Eyes,Taylor Swift,4
Brought Up That Way,Taylor Swift,4
By The Way,Taylor Swift,4
Didnt They,Taylor Swift,4
Drops Of Jupiter,Taylor Swift,4
Gracie,Taylor Swift,4
Lucky You,Taylor Swift,4
New Romantics,Taylor Swift,4
Ready For It,Taylor Swift,4
Santa Baby,Taylor Swift,4
Stupid Boy,Taylor Swift,4
Taylor Medley,Taylor Swift,4
Tied Together With A Smile,Taylor Swift,4
What To Wear,Taylor Swift,4
You Are In Love,Taylor Swift,4
All Night Diner,Taylor Swift,3
American Boy,Taylor Swift,3
American Girl,Taylor Swift,3
Baby Dont Break My Heart Slow,Taylor Swift,3
Dancing With Our Hands Tied,Taylor Swift,3
Delicate,Taylor Swift,3
Diary Of Me,Taylor Swift,3
Enchanted - Wildest Dreams Mashup,Taylor Swift,3
End Game,Taylor Swift,3
Fall Into Me,Taylor Swift,3
Fearless Im Yours Hey Soul Sister Live,Taylor Swift,3
Getaway Car,Taylor Swift,3
Medley,Taylor Swift,3
Nevermind,Taylor Swift,3
One Thing,Taylor Swift,3
Run,Taylor Swift,3
The Star-Spangled Banner,Taylor Swift,3
This Is Really Happening,Taylor Swift,3
This Is Why We Cant Have Nice Things,Taylor Swift,3
What Do You Say,Taylor Swift,3
You Dont Have To Call,Taylor Swift,3
Your Face,Taylor Swift,3
Aint Nothin Bout You,Taylor Swift,2
Aint Nothing Bout You,Taylor Swift,2
Am I Ready For Love,Taylor Swift,2
Barnyard Song,Taylor Swift,2
Better Off,Taylor Swift,2
Breathless,Taylor Swift,2
Can I Go With You,Taylor Swift,2
Closest To A Cowboy,Taylor Swift,2
Cowboy Take Me Away,Taylor Swift,2
Dark Blue Tennesse,Taylor Swift,2
Dont Blame Me,Taylor Swift,2
Dress,Taylor Swift,2
Highway Dont Care,Taylor Swift,2
I Did Something Bad,Taylor Swift,2
I Heart,Taylor Swift,2
I Heart Question Mark,Taylor Swift,2
Im Alright,Taylor Swift,2
Irreplaceable,Taylor Swift,2
Last Christmas,Taylor Swift,2
Marys Song,Taylor Swift,2
Mash-Up,Taylor Swift,2
Missing You,Taylor Swift,2
Monologue Song,Taylor Swift,2
My Cure,Taylor Swift,2
Nashville,Taylor Swift,2
Our Last Night,Taylor Swift,2
Silent Night,Taylor Swift,2
Smokey Black Nights,Taylor Swift,2
So It Goes,Taylor Swift,2
Songs About You,Taylor Swift,2
Spinning Around,Taylor Swift,2
Sweet Tea And Gods Graces,Taylor Swift,2
Taylor Swift,Taylor Swift,2
Ten Dollars And A Six Pack,Taylor Swift,2
Thats When,Taylor Swift,2
The Outside,Taylor Swift,2
Thirteen Blocks,Taylor Swift,2
This Is What You Came For,Taylor Swift,2
Thug Story Acoustic,Taylor Swift,2
Two Is Better Than One,Taylor Swift,2
Umbrella,Taylor Swift,2
Unperfect,Taylor Swift,2
Viva La Vida Cover,Taylor Swift,2
We Were Happy,Taylor Swift,2
White Blank Page,Taylor Swift,2
White Christmas,Taylor Swift,2
Who Ive Always Been,Taylor Swift,2
1989,Taylor Swift,1
All Too Well Amnesia,Taylor Swift,1
Angelina,Taylor Swift,1
Baby Dont You Break My Heart Slow,Taylor Swift,1
Back To December-Apologize-Youre Not Sorry Live,Taylor Swift,1
Being With My Baby,Taylor Swift,1
Brand New World,Taylor Swift,1
Breath,Taylor Swift,1
Come Back… Be Here,Taylor Swift,1
Cross My Heart,Taylor Swift,1
Dont Hate Me For Loving You,Taylor Swift,1
Fall Back On You,Taylor Swift,1
Fearless Banjo Tab,Taylor Swift,1
Fearless The Way I Loved You The Other Side Of The Door,Taylor Swift,1
Firefly,Taylor Swift,1
Honey Baby,Taylor Swift,1
I Wished On A Plane,Taylor Swift,1
Just South Of Knowing Why,Taylor Swift,1
Kapag Sya Ay Ngumiti,Taylor Swift,1
Long Time Going,Taylor Swift,1
Look At You Like That,Taylor Swift,1
Love To Lose,Taylor Swift,1
Made Up You,Taylor Swift,1
Mandolin,Taylor Swift,1
Matches,Taylor Swift,1
Need You Now,Taylor Swift,1
Never Fade,Taylor Swift,1
Perfect Have I Loved,Taylor Swift,1
Point Of View,Taylor Swift,1
Pumped Up Kicks,Taylor Swift,1
Reputation,Taylor Swift,1
Riptide,Taylor Swift,1
Same Girl,Taylor Swift,1
September,Taylor Swift,1
Summer Of 69,Taylor Swift,1
Sweet Escape,Taylor Swift,1
Take A Bow,Taylor Swift,1
Taylor Swift Medley,Taylor Swift,1
Tell Me,Taylor Swift,1
Tennessee,Taylor Swift,1
The Electric Barnyard,Taylor Swift,1
Thinking About You,Taylor Swift,1
Till Brad Pitt Comes Along,Taylor Swift,1
Timeless,Taylor Swift,1
Today Was A Fairy Tale,Taylor Swift,1
Trouble,Taylor Swift,1
Twenty-Two,Taylor Swift,1
Under My Head,Taylor Swift,1
Unpretty,Taylor Swift,1
Welcome Distraction,Taylor Swift,1
Wildest Dreams Speak Now Mash Up,Taylor Swift,1
You Dont Have To,Taylor Swift,1
You Shouldve Said No,Taylor Swift,1
Youre Not Sorry Live,Taylor Swift,1
Let It Be,The Beatles,53
Yesterday,The Beatles,53
Blackbird,The Beatles,45
Hey Jude,The Beatles,45
Something,The Beatles,43
While My Guitar Gently Weeps,The Beatles,43
In My Life,The Beatles,42
Come Together,The Beatles,40
And I Love Her,The Beatles,39
All My Loving,The Beatles,38
Eleanor Rigby,The Beatles,38
A Hard Days Night,The Beatles,37
Day Tripper,The Beatles,37
Here Comes The Sun,The Beatles,35
Twist And Shout,The Beatles,34
Youve Got To Hide Your Love Away,The Beatles,34
Eight Days A Week,The Beatles,33
I Want To Hold Your Hand,The Beatles,33
I Feel Fine,The Beatles,32
Michelle,The Beatles,32
Norwegian Wood,The Beatles,32
Nowhere Man,The Beatles,32
Till There Was You,The Beatles,32
Get Back,The Beatles,31
Strawberry Fields Forever,The Beatles,31
Sgt Peppers Lonely Hearts Club Band,The Beatles,30
With A Little Help From My Friends,The Beatles,30
Yellow Submarine,The Beatles,30
A Day In The Life,The Beatles,29
If I Fell,The Beatles,29
Please Please Me,The Beatles,29
Two Of Us,The Beatles,29
All You Need Is Love,The Beatles,28
And Your Bird Can Sing,The Beatles,28
Help,The Beatles,28
Here There And Everywhere,The Beatles,28
I Will,The Beatles,28
For No One,The Beatles,27
Lucy In The Sky With Diamonds,The Beatles,27
Birthday,The Beatles,26
Dont Let Me Down,The Beatles,26
Lady Madonna,The Beatles,26
Penny Lane,The Beatles,26
Revolution,The Beatles,26
Ob-La-Di Ob-La-Da,The Beatles,25
Octopuss Garden,The Beatles,25
From Me To You,The Beatles,24
Im Looking Through You,The Beatles,24
She Loves You,The Beatles,24
The Long And Winding Road,The Beatles,24
Back In The Ussr,The Beatles,23
Girl,The Beatles,23
Hello Goodbye,The Beatles,23
I Saw Her Standing There,The Beatles,23
Ticket To Ride,The Beatles,23
I Am The Walrus,The Beatles,22
Love Me Do,The Beatles,22
Mother Natures Son,The Beatles,22
Rocky Raccoon,The Beatles,22
Taxman,The Beatles,22
Cant Buy Me Love,The Beatles,21
Helter Skelter,The Beatles,21
No Reply,The Beatles,21
Oh Darling,The Beatles,21
Free As A Bird,The Beatles,20
Happiness Is A Warm Gun,The Beatles,20
Hey Bulldog,The Beatles,20
Ill Follow The Sun,The Beatles,20
Real Love,The Beatles,20
Shes Leaving Home,The Beatles,20
This Boy,The Beatles,20
All Ive Got To Do,The Beatles,19
Being For The Benefit Of Mr Kite,The Beatles,19
Drive My Car,The Beatles,19
Every Little Thing,The Beatles,19
I Dont Want To Spoil The Party,The Beatles,19
Its Only Love,The Beatles,19
Ive Just Seen A Face,The Beatles,19
Paperback Writer,The Beatles,19
Tomorrow Never Knows,The Beatles,19
We Can Work It Out,The Beatles,19
Youre Going To Lose That Girl,The Beatles,19
Any Time At All,The Beatles,18
Because,The Beatles,18
Getting Better,The Beatles,18
Ill Be Back,The Beatles,18
Lovely Rita,The Beatles,18
The Word,The Beatles,18
When Im Sixty Four,The Beatles,18
You Never Give Me Your Money,The Beatles,18
Across The Universe,The Beatles,17
Ask Me Why,The Beatles,17
Fixing A Hole,The Beatles,17
Golden Slumbers,The Beatles,17
I Want You Shes So Heavy,The Beatles,17
Im Happy Just To Dance With You,The Beatles,17
Im Only Sleeping,The Beatles,17
Magical Mystery Tour,The Beatles,17
Run For Your Life,The Beatles,17
The End,The Beatles,17
The Fool On The Hill,The Beatles,17
The Night Before,The Beatles,17
Wait,The Beatles,17
You Really Got A Hold On Me,The Beatles,17
Act Naturally,The Beatles,16
Cry Baby Cry,The Beatles,16
Dear Prudence,The Beatles,16
Doctor Robert,The Beatles,16
Her Majesty,The Beatles,16
Hold Me Tight,The Beatles,16
Honey Dont,The Beatles,16
Honey Pie,The Beatles,16
I Call Your Name,The Beatles,16
I Me Mine,The Beatles,16
I Need You,The Beatles,16
I Should Have Known Better,The Beatles,16
Ill Cry Instead,The Beatles,16
Im A Loser,The Beatles,16
Im So Tired,The Beatles,16
Ive Got A Feeling,The Beatles,16
Martha My Dear,The Beatles,16
Piggies,The Beatles,16
Shes A Woman,The Beatles,16
Dig A Pony,The Beatles,15
Dont Bother Me,The Beatles,15
Good Day Sunshine,The Beatles,15
If I Needed Someone,The Beatles,15
Julia,The Beatles,15
One After 909,The Beatles,15
Things We Said Today,The Beatles,15
You Cant Do That,The Beatles,15
You Wont See Me,The Beatles,15
All Together Now,The Beatles,14
Baby Its You,The Beatles,14
Everybodys Got Something To Hide Except Me And My Monkey,The Beatles,14
Glass Onion,The Beatles,14
Got To Get You Into My Life,The Beatles,14
Ill Get You,The Beatles,14
It Wont Be Long,The Beatles,14
Maxwells Silver Hammer,The Beatles,14
Misery,The Beatles,14
Not A Second Time,The Beatles,14
Polythene Pam,The Beatles,14
Savoy Truffle,The Beatles,14
She Said She Said,The Beatles,14
Tell Me What You See,The Beatles,14
Tell Me Why,The Beatles,14
You Like Me Too Much,The Beatles,14
Another Girl,The Beatles,13
Baby Youre A Rich Man,The Beatles,13
Babys In Black,The Beatles,13
Do You Want To Know A Secret,The Beatles,13
Good Night,The Beatles,13
I Want To Tell You,The Beatles,13
Im Down,The Beatles,13
Long Long Long,The Beatles,13
Money Thats What I Want,The Beatles,13
Ps I Love You,The Beatles,13
Rock And Roll Music,The Beatles,13
Roll Over Beethoven,The Beatles,13
The Continuing Story Of Bungalow Bill,The Beatles,13
Theres A Place,The Beatles,13
What Youre Doing,The Beatles,13
Abbey Road,The Beatles,12
Boys,The Beatles,12
Devil In Her Heart,The Beatles,12
Dizzy Miss Lizzy,The Beatles,12
Good Morning Good Morning,The Beatles,12
Little Child,The Beatles,12
Maggie Mae,The Beatles,12
Mean Mr Mustard,The Beatles,12
My Bonnie,The Beatles,12
Old Brown Shoe,The Beatles,12
Sgt Peppers Lonely Hearts Club Band Reprise,The Beatles,12
Sun King,The Beatles,12
Think For Yourself,The Beatles,12
When I Get Home,The Beatles,12
Yes It Is,The Beatles,12
Your Mother Should Know,The Beatles,12
Bad Boy,The Beatles,11
Everybodys Trying To Be My Baby,The Beatles,11
I Wanna Be Your Man,The Beatles,11
Long Tall Sally,The Beatles,11
Matchbox,The Beatles,11
Rain,The Beatles,11
Sexy Sadie,The Beatles,11
The Ballad Of John And Yoko,The Beatles,11
Why Dont We Do It In The Road,The Beatles,11
Wild Honey Pie,The Beatles,11
Anna,The Beatles,10
Blue Jay Way,The Beatles,10
Chains,The Beatles,10
Please Mister Postman,The Beatles,10
Please Mr Postman,The Beatles,10
Slow Down,The Beatles,10
Thank You Girl,The Beatles,10
What Goes On,The Beatles,10
A Taste Of Honey,The Beatles,9
Carry That Weight,The Beatles,9
Dont Pass Me By,The Beatles,9
Dr Robert,The Beatles,9
Flying,The Beatles,9
Fool On The Hill,The Beatles,9
I Want You,The Beatles,9
Mr Moonlight,The Beatles,9
She Came In Through The Bathroom Window,The Beatles,9
Some Other Guy,The Beatles,9
Within You Without You,The Beatles,9
Words Of Love,The Beatles,9
Yer Blues,The Beatles,9
A Shot Of Rhythm And Blues,The Beatles,8
Aint She Sweet,The Beatles,8
Anna Go To Him,The Beatles,8
Bad To Me,The Beatles,8
Besame Mucho,The Beatles,8
Christmas Time Is Here Again,The Beatles,8
Dig It,The Beatles,8
For You Blue,The Beatles,8
Hello Little Girl,The Beatles,8
If Youve Got Trouble,The Beatles,8
Ill Be On My Way,The Beatles,8
In Spite Of All The Danger,The Beatles,8
Like Dreamers Do,The Beatles,8
Kansas City Hey Hey Hey,The Beatles,7
Love You To,The Beatles,7
That Means A Lot,The Beatles,7
Cry For A Shadow,The Beatles,6
Crying Waiting Hoping,The Beatles,6
Inner Light,The Beatles,6
Night Before,The Beatles,6
Thats All Right Mama,The Beatles,6
You Know My Name,The Beatles,6
Beatles For Sale,The Beatles,5
From A Window,The Beatles,5
I Just Dont Understand,The Beatles,5
Im In Love,The Beatles,5
Its All Too Much,The Beatles,5
Love Of The Loved,The Beatles,5
Lucille,The Beatles,5
Money,The Beatles,5
Ooh My Soul,The Beatles,5
She Said,The Beatles,5
Sie Liebt Dich,The Beatles,5
Soldier Of Love,The Beatles,5
Three Cool Cats,The Beatles,5
Carol,The Beatles,4
Cayenne,The Beatles,4
Dont Ever Change,The Beatles,4
Good Morning,The Beatles,4
Hallelujah I Love Her So,The Beatles,4
I Remember You,The Beatles,4
Im Talking About You,The Beatles,4
Kansas City,The Beatles,4
Kansas City Hey Hey Hey Hey,The Beatles,4
Komm Gib Mir Deine Hand,The Beatles,4
Leave My Kitten Alone,The Beatles,4
Only A Northern Song,The Beatles,4
Rubber Soul,The Beatles,4
Searchin,The Beatles,4
The Inner Light,The Beatles,4
The Sheik Of Araby,The Beatles,4
To Know Her Is To Love Her,The Beatles,4
White,The Beatles,4
With The Beatles,The Beatles,4
You Know What To Do,The Beatles,4
Young Blood,The Beatles,4
Beatles Medley,The Beatles,3
Because I Know You Love Me So,The Beatles,3
Clarabella,The Beatles,3
Come And Get It,The Beatles,3
Glad All Over,The Beatles,3
How Do You Do It,The Beatles,3
I Dont Want To See You Again,The Beatles,3
I Got To Find My Baby,The Beatles,3
Im Gonna Sit Right Down And Cry Over You,The Beatles,3
Imagine,The Beatles,3
Johnny B Goode,The Beatles,3
Keep Your Hands Off My Baby,The Beatles,3
Lend Me Your Comb,The Beatles,3
Lonesome Tears In My Eyes,The Beatles,3
Nobody I Know,The Beatles,3
Not Guilty,The Beatles,3
Nothin Shakin,The Beatles,3
Revolution 1,The Beatles,3
Revolver,The Beatles,3
Sheik Of Araby,The Beatles,3
Shout,The Beatles,3
Sure To Fall In Love With You,The Beatles,3
Sweet Little Sixteen,The Beatles,3
Take Good Care Of My Baby,The Beatles,3
The Hippy Hippy Shake,The Beatles,3
Tommorow Never Knows,The Beatles,3
While My Guitar,The Beatles,3
12-Bar Original,The Beatles,2
Abbey Road Medley,The Beatles,2
All Is Right,The Beatles,2
Ballad Of John And Yoko,The Beatles,2
Beatles At The Bbc,The Beatles,2
Catswalk,The Beatles,2
Child Of Nature,The Beatles,2
Continuing Story Of Bungalow Bill,The Beatles,2
Fancy My Chances,The Beatles,2
For Your Blue,The Beatles,2
Get Back Naked,The Beatles,2
Give Peace A Chance,The Beatles,2
Gold Slumbers,The Beatles,2
Goodbye,The Beatles,2
Happy Just To Dance With You,The Beatles,2
Happy Rishikesh Song,The Beatles,2
Hippy Hippy Shake,The Beatles,2
I Forgot To Remember To Forget,The Beatles,2
I Got A Woman,The Beatles,2
I Wanna Be Your Man Jazz Arrangement,The Beatles,2
If Youve Got Troubles,The Beatles,2
Im Only Slepping,The Beatles,2
Its For You,The Beatles,2
Junk,The Beatles,2
Just Fun,The Beatles,2
Keep Your Hands Of My Baby,The Beatles,2
Lucy In The Sky,The Beatles,2
Madman,The Beatles,2
Mailman Bring Me No More Blues,The Beatles,2
Memphis Tennessee,The Beatles,2
Mister Moonlight,The Beatles,2
Mrmoonlight,The Beatles,2
Now And Then,The Beatles,2
One After Nine Oh Nine,The Beatles,2
One And One Is Two,The Beatles,2
Only A Nothern Song,The Beatles,2
Past Masters Vol 2,The Beatles,2
Revolution One,The Beatles,2
September In The Rain,The Beatles,2
Sgt Peppers Lonlely Hearts Club Band,The Beatles,2
Slowdown,The Beatles,2
Suzy Parker,The Beatles,2
Taking A Trip To Carolina,The Beatles,2
Teddy Boy,The Beatles,2
The Continuing Story Of Bungalo Bill,The Beatles,2
The Honeymoon Song,The Beatles,2
The Walk,The Beatles,2
Thinking Of Linking,The Beatles,2
Too Bad About Sorrows,The Beatles,2
Too Much Monkey Buisness,The Beatles,2
Watching Rainbows,The Beatles,2
Whats The New Mary Jane,The Beatles,2
Where Have You Been All My Life,The Beatles,2
White Album Disc 2,The Beatles,2
Window Window,The Beatles,2
Youll Be Mine,The Beatles,2
1,The Beatles,1
1967-1970 Disc 1,The Beatles,1
A Beginning,The Beatles,1
Back Of Boogaloo,The Beatles,1
Bobby Darin Medley,The Beatles,1
Dream Baby,The Beatles,1
Everybodys Tryin To Be My Baby,The Beatles,1
From Us To You,The Beatles,1
Golden Slumbers Carry That Weight The End,The Beatles,1
Hard Days Night,The Beatles,1
I Had A Dream,The Beatles,1
I Saw Her Standing There Live,The Beatles,1
I Wanna Hold Your Hand,The Beatles,1
Let It Be Naked,The Beatles,1
Lets Dance,The Beatles,1
Little Queenie,The Beatles,1
Live At The Bbc,The Beatles,1
Longer,The Beatles,1
Love,The Beatles,1
Lucille Bass,The Beatles,1
Matcchbox Bass,The Beatles,1
Medley Rip It Upshake Rattle And Rollblue Suede Shoes,The Beatles,1
My Generation,The Beatles,1
Past Masters Vol 1,The Beatles,1
Past Masters Volume One,The Beatles,1
Please Dont Bring Your Banjo Back,The Beatles,1
Polyethene Pam,The Beatles,1
Rab,The Beatles,1
Ready Teddy,The Beatles,1
Ringos Theme,The Beatles,1
She Came In Thorugh The Bathroom Window,The Beatles,1
She Came In Through The Bathroom Window Rehearsal,The Beatles,1
She Love You,The Beatles,1
So How Come No One Loves Me,The Beatles,1
Something Part 1,The Beatles,1
Something Part 2,The Beatles,1
Thatll Be The Day,The Beatles,1
The Fool On A Hill,The Beatles,1
The Fool On The Hil,The Beatles,1
The Long And,The Beatles,1
The World Is Waiting For The Sunrise,The Beatles,1
Til There Was You,The Beatles,1
Too Much Monkey Business,The Beatles,1
Twelve-Bar Original,The Beatles,1
When Im 64,The Beatles,1
White Album Disc 1,The Beatles,1
Why,The Beatles,1
Why Cant You Love Me Again,The Beatles,1
With A Help From A Friend,The Beatles,1
With A Little Help,The Beatles,1
World Is Waiting For The Sunrise,The Beatles,1
Ya Ya,The Beatles,1
You Never Give Me,The Beatles,1
Youve Got To Hide Your Love,The Beatles,1
